"","X","Plate","Measure","Row","Col.5","Col.6","Col.7","Blank","Date","ID","Block","Sex","Diet","DOB","Treatment","Weight","Fat.Scores.Dorsal","Fat.Scores.Pelvic","days.since.1st.trt","days.since.2nd.trt","trt.history","1st.trt","2nd.trt","blank.avg","blank.sd","cutoff.new","age.lab","Env","grid","age.wild","repro","body.length.mm","ticks.total","fleas","mites","Testes","H.poly","Pinworms","Cestode","repro.bin","Col.5.bcen","Col.6.bcen","Col.7.bcen","Col.5.avg","Col.6.avg","Col.7.avg","OD.avg","days.since.1st.D.inj","Plate.Env","trt.history2"
"1",1,1,1,"A",1.65,1.093,0.691,0.071,NA,NA,NA,NA,NA,NA,NA,NA,NA,NA,NA,NA,NA,NA,NA,0.070375,0.0039256482631171,0.0821519447893513,NA,"Lab",NA,NA,NA,NA,NA,NA,NA,NA,NA,NA,NA,NA,1.579625,1.022625,0.620625,1.5539375,1.0069375,0.6149375,1.05860416666667,NA,"1Lab",NA
"2",2,1,1,"B",1.6,1.095,0.707,0.078,NA,NA,NA,NA,NA,NA,NA,NA,NA,NA,NA,NA,NA,NA,NA,0.070375,0.0039256482631171,0.0821519447893513,NA,"Lab",NA,NA,NA,NA,NA,NA,NA,NA,NA,NA,NA,NA,1.529625,1.024625,0.636625,1.5324375,1.0209375,0.6309375,1.0614375,NA,"1Lab",NA
"3",3,1,1,"C",1.9,1.456,0.992,0.066,"2018-05-17",9,1,"M","Low",NA,"ST",22,3,4,17,NA,"D","D","",0.070375,0.0039256482631171,0.0821519447893513,NA,"Lab",NA,NA,NA,NA,NA,NA,NA,NA,NA,NA,NA,NA,1.829625,1.385625,0.921625,1.8179375,1.3634375,0.9029375,1.3614375,17,"1Lab","D"
"4",4,1,1,"D",0.752,0.459,0.275,0.067,NA,NA,NA,NA,NA,NA,NA,NA,NA,NA,NA,NA,NA,NA,NA,0.070375,0.0039256482631171,0.0821519447893513,NA,"Lab",NA,NA,NA,NA,NA,NA,NA,NA,NA,NA,NA,NA,0.681625,0.388625,0.204625,0.6829375,0.3794375,0.2049375,0.4224375,NA,"1Lab",NA
"5",5,1,1,"E",1.465,1.041,0.677,0.07,"2018-05-16",57,2,"F","Low","2018-02-24","SC",16.5,3,4,14,NA,"D","D","",0.070375,0.0039256482631171,0.0821519447893513,81,"Lab",NA,NA,NA,NA,NA,NA,NA,NA,NA,NA,NA,NA,1.394625,0.970625,0.606625,1.3809375,0.9644375,0.5944375,0.9799375,14,"1Lab","D"
"6",6,1,1,"F",1.593,1.051,0.662,0.067,"2018-05-17",5,1,"M","Low","2018-02-18","ST",24.5,4,4,17,NA,"D","D","",0.070375,0.0039256482631171,0.0821519447893513,88,"Lab",NA,NA,NA,NA,NA,NA,NA,NA,NA,NA,NA,NA,1.522625,0.980625,0.591625,1.4704375,0.9734375,0.5879375,1.01060416666667,17,"1Lab","D"
"7",7,1,1,"G",1.657,1.143,0.72,0.073,"2018-06-06",71,2,"F","High","2018-02-18","PC",21.5,NA,NA,35,14,"AD","A","D",0.070375,0.0039256482631171,0.0821519447893513,108,"Lab",NA,NA,NA,NA,NA,NA,NA,NA,NA,NA,NA,NA,1.586625,1.072625,0.649625,1.5544375,1.0674375,0.6489375,1.09027083333333,14,"1Lab","AD"
"8",8,1,1,"H",0.079,0.07,0.066,0.071,"2018-05-24",69,2,"F","High","2018-02-18","PC",23.5,3,4,22,1,"AD","A","D",0.070375,0.0039256482631171,0.0821519447893513,95,"Lab",NA,NA,NA,NA,NA,NA,NA,NA,NA,NA,NA,NA,0.00862500000000001,-0.000374999999999986,-0.00437499999999999,0.0124375,0.00293750000000001,-0.00106249999999999,0.00477083333333334,1,"1Lab","A"
"9",9,2,1,"A",1.637,1.139,0.746,0.076,NA,NA,NA,NA,NA,NA,NA,NA,NA,NA,NA,NA,NA,NA,NA,0.069,0.00730948503169488,0.0909284550950846,NA,"Lab",NA,NA,NA,NA,NA,NA,NA,NA,NA,NA,NA,NA,1.568,1.07,0.677,1.582125,1.070125,0.675625,1.10929166666667,NA,"2Lab",NA
"10",10,2,1,"B",1.713,1.161,0.718,0.064,NA,NA,NA,NA,NA,NA,NA,NA,NA,NA,NA,NA,NA,NA,NA,0.069,0.00730948503169488,0.0909284550950846,NA,"Lab",NA,NA,NA,NA,NA,NA,NA,NA,NA,NA,NA,NA,1.644,1.092,0.649,1.628625,1.102625,0.655125,1.12879166666667,NA,"2Lab",NA
"11",11,2,1,"C",2.522,2.22,1.816,0.084,"2018-05-24",44,2,"M","Low","2018-01-19","ST",22.5,3,4,22,1,"DD","D","D",0.069,0.00730948503169488,0.0909284550950846,125,"Lab",NA,NA,NA,NA,NA,NA,NA,NA,NA,NA,NA,NA,2.453,2.151,1.747,2.446125,2.116125,1.753125,2.105125,22,"2Lab","D"
"12",12,2,1,"D",2.494,2.269,1.923,0.066,"2018-05-19",59,2,"F","Low","2018-02-18","ST",16.5,3,3,17,NA,"D","D","",0.069,0.00730948503169488,0.0909284550950846,90,"Lab",NA,NA,NA,NA,NA,NA,NA,NA,NA,NA,NA,NA,2.425,2.2,1.854,2.445125,2.177125,1.840125,2.154125,17,"2Lab","D"
"13",13,2,1,"E",0.053,0.058,0.053,0.064,"2018-05-19",42,2,"M","Low","2018-01-19","PC",22,3,4,17,NA,"A","A","",0.069,0.00730948503169488,0.0909284550950846,120,"Lab",NA,NA,NA,NA,NA,NA,NA,NA,NA,NA,NA,NA,-0.016,-0.011,-0.016,-0.013375,-0.009375,-0.012375,-0.0117083333333333,NA,"2Lab","A"
"14",14,2,1,"F",0.055,0.059,0.051,0.067,"2018-05-24",37,2,"M","Low","2018-02-19","PC",26,NA,NA,22,1,"AD","A","D",0.069,0.00730948503169488,0.0909284550950846,94,"Lab",NA,NA,NA,NA,NA,NA,NA,NA,NA,NA,NA,NA,-0.014,-0.01,-0.018,-0.011875,-0.00687500000000001,-0.015375,-0.011375,1,"2Lab","A"
"15",15,2,1,"G",0.104,0.076,0.067,0.063,"2018-05-17",25,1,"F","Low","2018-02-19","PC",21,3,4,17,NA,"A","A","",0.069,0.00730948503169488,0.0909284550950846,87,"Lab",NA,NA,NA,NA,NA,NA,NA,NA,NA,NA,NA,NA,0.035,0.00699999999999999,-0.002,0.036125,0.00862499999999999,0.003125,0.0159583333333333,NA,"2Lab","A"
"16",16,2,1,"H",2.69,2.401,2.033,0.068,"2018-06-06",58,2,"F","Low","2018-02-18","SC",17.5,NA,NA,35,14,"DA","D","A",0.069,0.00730948503169488,0.0909284550950846,108,"Lab",NA,NA,NA,NA,NA,NA,NA,NA,NA,NA,NA,NA,2.621,2.332,1.964,2.623625,2.332125,1.980125,2.31195833333333,35,"2Lab","DA"
"17",17,3,1,"A",1.614,1.05,0.637,0.074,NA,NA,NA,NA,NA,NA,NA,NA,NA,NA,NA,NA,NA,NA,NA,0.085875,0.0356868823439169,0.192935647031751,NA,"Lab",NA,NA,NA,NA,NA,NA,NA,NA,NA,NA,NA,NA,1.528125,0.964125,0.551125,1.5074375,0.9459375,0.5529375,1.00210416666667,NA,"3Lab",NA
"18",18,3,1,"B",1.708,0.962,0.754,0.173,NA,NA,NA,NA,NA,NA,NA,NA,NA,NA,NA,NA,NA,NA,NA,0.085875,0.0356868823439169,0.192935647031751,NA,"Lab",NA,NA,NA,NA,NA,NA,NA,NA,NA,NA,NA,NA,1.622125,0.876125,0.668125,1.5804375,0.8749375,0.6654375,1.04027083333333,NA,"3Lab",NA
"19",19,3,1,"C",3.01,2.82,2.469,0.075,"2018-06-04",34,1,"F","High","2018-01-20","SC",17,NA,NA,35,14,"DA","D","A",0.085875,0.0356868823439169,0.192935647031751,135,"Lab",NA,NA,NA,NA,NA,NA,NA,NA,NA,NA,NA,NA,2.924125,2.734125,2.383125,2.8254375,2.6719375,2.3279375,2.6084375,35,"3Lab","DA"
"20",20,3,1,"D",2.11,1.846,0.885,0.064,"2018-05-24",61,2,"F","Low","2018-02-18","SC",17.5,3,4,22,1,"DA","D","A",0.085875,0.0356868823439169,0.192935647031751,95,"Lab",NA,NA,NA,NA,NA,NA,NA,NA,NA,NA,NA,NA,2.024125,1.760125,0.799125,1.9964375,1.7309375,0.7889375,1.5054375,22,"3Lab","D"
"21",21,3,1,"E",1.579,1.041,0.615,0.07,"2018-05-16",41,2,"M","Low","2018-01-19","ST",25.5,4,4,14,NA,"D","D","",0.085875,0.0356868823439169,0.192935647031751,117,"Lab",NA,NA,NA,NA,NA,NA,NA,NA,NA,NA,NA,NA,1.493125,0.955125,0.529125,1.4749375,0.9539375,0.5309375,0.986604166666667,14,"3Lab","D"
"22",22,3,1,"F",1.064,0.662,0.378,0.077,"2018-05-16",72,2,"F","High","2018-02-18","SC",25.5,4,5,14,NA,"D","D","",0.085875,0.0356868823439169,0.192935647031751,87,"Lab",NA,NA,NA,NA,NA,NA,NA,NA,NA,NA,NA,NA,0.978125,0.576125,0.292125,0.9709375,0.5724375,0.2934375,0.612270833333333,14,"3Lab","D"
"23",23,3,1,"G",1.783,1.365,0.814,0.07,"2018-06-04",21,1,"F","Low","2018-01-19","PC",20,NA,NA,35,14,"AD","A","D",0.085875,0.0356868823439169,0.192935647031751,136,"Lab",NA,NA,NA,NA,NA,NA,NA,NA,NA,NA,NA,NA,1.697125,1.279125,0.728125,1.6879375,1.2554375,0.7284375,1.2239375,14,"3Lab","AD"
"24",24,3,1,"H",2.215,1.716,1.167,0.084,"2018-05-22",32,1,"F","High","2018-01-29","SC",24.5,4,4,22,1,"DA","D","A",0.085875,0.0356868823439169,0.192935647031751,113,"Lab",NA,NA,NA,NA,NA,NA,NA,NA,NA,NA,NA,NA,2.129125,1.630125,1.081125,2.1059375,1.6349375,1.0769375,1.6059375,22,"3Lab","D"
"25",25,4,1,"A",1.676,1.131,0.668,0.065,NA,NA,NA,NA,NA,NA,NA,NA,NA,NA,NA,NA,NA,NA,NA,0.0685,0.0101136400116731,0.0988409200350192,NA,"Lab",NA,NA,NA,NA,NA,NA,NA,NA,NA,NA,NA,NA,1.6075,1.0625,0.5995,1.5813125,1.0408125,0.6078125,1.07664583333333,NA,"4Lab",NA
"26",26,4,1,"B",1.938,1.337,0.815,0.062,NA,NA,NA,NA,NA,NA,NA,NA,NA,NA,NA,NA,NA,NA,NA,0.0685,0.0101136400116731,0.0988409200350192,NA,"Lab",NA,NA,NA,NA,NA,NA,NA,NA,NA,NA,NA,NA,1.8695,1.2685,0.7465,1.8158125,1.2463125,0.7513125,1.27114583333333,NA,"4Lab",NA
"27",27,4,1,"C",1.362,0.912,0.538,0.061,"2018-06-04",3,1,"M","Low","2018-01-20","PC",23,NA,NA,35,14,"AD","A","D",0.0685,0.0101136400116731,0.0988409200350192,135,"Lab",NA,NA,NA,NA,NA,NA,NA,NA,NA,NA,NA,NA,1.2935,0.8435,0.4695,1.2908125,0.8438125,0.4743125,0.869645833333333,14,"4Lab","AD"
"28",28,4,1,"D",0.053,0.056,0.05,0.066,"2018-05-17",13,1,"M","High","2018-03-07","PC",31.5,4,5,17,NA,"A","A","",0.0685,0.0101136400116731,0.0988409200350192,71,"Lab",NA,NA,NA,NA,NA,NA,NA,NA,NA,NA,NA,NA,-0.0155,-0.0125,-0.0185,-0.0176875,-0.0151875,-0.0186875,-0.0171875,NA,"4Lab","A"
"29",29,4,1,"E",0.056,0.054,0.051,0.065,"2018-05-16",69,2,"F","High","2018-02-18","PC",23.5,3,4,14,NA,"A","A","",0.0685,0.0101136400116731,0.0988409200350192,87,"Lab",NA,NA,NA,NA,NA,NA,NA,NA,NA,NA,NA,NA,-0.0125,-0.0145,-0.0175,-0.0126875,-0.0151875,-0.0161875,-0.0146875,NA,"4Lab","A"
"30",30,4,1,"F",2.598,2.495,2.63,0.061,"2018-06-04",24,1,"F","Low","2018-02-26","ST",22,NA,NA,35,14,"DD","D","D",0.0685,0.0101136400116731,0.0988409200350192,98,"Lab",NA,NA,NA,NA,NA,NA,NA,NA,NA,NA,NA,NA,2.5295,2.4265,2.5615,2.4918125,2.4283125,2.5378125,2.48597916666667,35,"4Lab","DD"
"31",31,4,1,"G",1.075,0.651,0.38,0.079,"2018-05-14",16,1,"M","High","2018-01-29","SC",21.5,3,4,14,NA,"D","D","",0.0685,0.0101136400116731,0.0988409200350192,105,"Lab",NA,NA,NA,NA,NA,NA,NA,NA,NA,NA,NA,NA,1.0065,0.5825,0.3115,1.0138125,0.5908125,0.3148125,0.6398125,14,"4Lab","D"
"32",32,4,1,"H",0.628,0.379,0.224,0.089,"2018-05-16",52,2,"M","High","2018-01-21","SC",35,4,5,14,NA,"D","D","",0.0685,0.0101136400116731,0.0988409200350192,115,"Lab",NA,NA,NA,NA,NA,NA,NA,NA,NA,NA,NA,NA,0.5595,0.3105,0.1555,0.5653125,0.3033125,0.1568125,0.3418125,14,"4Lab","D"
"33",33,5,1,"A",1.593,1.086,0.617,0.071,NA,NA,NA,NA,NA,NA,NA,NA,NA,NA,NA,NA,NA,NA,NA,0.0635,0.00682432623571211,0.0839729787071363,NA,"Lab",NA,NA,NA,NA,NA,NA,NA,NA,NA,NA,NA,NA,1.5295,1.0225,0.5535,1.528875,1.005875,0.570875,1.03520833333333,NA,"5Lab",NA
"34",34,5,1,"B",1.707,1.16,0.804,0.062,NA,NA,NA,NA,NA,NA,NA,NA,NA,NA,NA,NA,NA,NA,NA,0.0635,0.00682432623571211,0.0839729787071363,NA,"Lab",NA,NA,NA,NA,NA,NA,NA,NA,NA,NA,NA,NA,1.6435,1.0965,0.7405,1.564375,1.028375,0.688875,1.093875,NA,"5Lab",NA
"35",35,5,1,"C",2.814,2.692,2.734,0.06,"2018-06-04",27,1,"F","Low","2018-02-19","SC",16.5,NA,NA,35,14,"DA","D","A",0.0635,0.00682432623571211,0.0839729787071363,105,"Lab",NA,NA,NA,NA,NA,NA,NA,NA,NA,NA,NA,NA,2.7505,2.6285,2.6705,2.691875,2.583375,2.612875,2.629375,35,"5Lab","DA"
"36",36,5,1,"D",0.901,0.642,0.361,0.061,"2018-06-06",46,2,"M","High","2018-03-07","PC",21.5,NA,NA,35,14,"AD","A","D",0.0635,0.00682432623571211,0.0839729787071363,91,"Lab",NA,NA,NA,NA,NA,NA,NA,NA,NA,NA,NA,NA,0.8375,0.5785,0.2975,0.777375,0.520875,0.281375,0.526541666666667,14,"5Lab","AD"
"37",37,5,1,"E",0.145,0.11,0.072,0.054,"2018-05-14",11,1,"M","High","2018-02-18","PC",26,4,5,14,NA,"A","A","",0.0635,0.00682432623571211,0.0839729787071363,85,"Lab",NA,NA,NA,NA,NA,NA,NA,NA,NA,NA,NA,NA,0.0815,0.0465,0.00849999999999999,0.039375,0.023875,-0.00312500000000001,0.0200416666666667,NA,"5Lab","A"
"38",38,5,1,"F",0.049,0.06,0.054,0.075,"2018-05-17",3,1,"M","Low","2018-01-20","PC",22,3,4,17,NA,"A","A","",0.0635,0.00682432623571211,0.0839729787071363,117,"Lab",NA,NA,NA,NA,NA,NA,NA,NA,NA,NA,NA,NA,-0.0145,-0.0035,-0.0095,-0.006125,-0.006125,-0.007625,-0.006625,NA,"5Lab","A"
"39",39,5,1,"G",1.978,1.491,1.037,0.059,"2018-05-14",35,1,"F","High","2018-02-18","ST",16.5,3,3,14,NA,"D","D","",0.0635,0.00682432623571211,0.0839729787071363,85,"Lab",NA,NA,NA,NA,NA,NA,NA,NA,NA,NA,NA,NA,1.9145,1.4275,0.9735,1.875375,1.429875,0.983875,1.42970833333333,14,"5Lab","D"
"40",40,5,1,"H",1.04,0.638,0.36,0.066,"2018-06-04",4,1,"M","Low","2018-02-18","PC",25,NA,NA,35,14,"AD","A","D",0.0635,0.00682432623571211,0.0839729787071363,106,"Lab",NA,NA,NA,NA,NA,NA,NA,NA,NA,NA,NA,NA,0.9765,0.5745,0.2965,0.958375,0.561375,0.301375,0.607041666666667,14,"5Lab","AD"
"41",41,6,1,"A",2.033,1.499,1.014,0.065,NA,NA,NA,NA,NA,NA,NA,NA,NA,NA,NA,NA,NA,NA,NA,0.063875,0.00754865172445668,0.0865209551733701,NA,"Lab",NA,NA,NA,NA,NA,NA,NA,NA,NA,NA,NA,NA,1.969125,1.435125,0.950125,1.99075,1.43825,0.94325,1.45741666666667,NA,"6Lab",NA
"42",42,6,1,"B",1.588,1.058,0.657,0.06,NA,NA,NA,NA,NA,NA,NA,NA,NA,NA,NA,NA,NA,NA,NA,0.063875,0.00754865172445668,0.0865209551733701,NA,"Lab",NA,NA,NA,NA,NA,NA,NA,NA,NA,NA,NA,NA,1.524125,0.994125,0.593125,1.51375,0.99025,0.58625,1.03008333333333,NA,"6Lab",NA
"43",43,6,1,"C",1.085,0.695,0.42,0.063,"2018-06-04",11,1,"M","High","2018-02-18","PC",26.5,NA,NA,35,14,"AD","A","D",0.063875,0.00754865172445668,0.0865209551733701,106,"Lab",NA,NA,NA,NA,NA,NA,NA,NA,NA,NA,NA,NA,1.021125,0.631125,0.356125,1.03125,0.63025,0.36325,0.674916666666667,14,"6Lab","AD"
"44",44,6,1,"D",2.12,1.722,1.238,0.056,"2018-06-06",56,2,"F","Low","2018-02-24","PC",17.5,NA,NA,35,14,"AD","A","D",0.063875,0.00754865172445668,0.0865209551733701,102,"Lab",NA,NA,NA,NA,NA,NA,NA,NA,NA,NA,NA,NA,2.056125,1.658125,1.174125,2.05725,1.64875,1.18025,1.62875,14,"6Lab","AD"
"45",45,6,1,"E",2.948,2.792,2.533,0.058,"2018-06-06",55,2,"F","Low","2018-02-27","ST",17,NA,NA,35,14,"DD","D","D",0.063875,0.00754865172445668,0.0865209551733701,99,"Lab",NA,NA,NA,NA,NA,NA,NA,NA,NA,NA,NA,NA,2.884125,2.728125,2.469125,2.92775,2.73725,2.50125,2.72208333333333,35,"6Lab","DD"
"46",46,6,1,"F",1.662,1.207,0.812,0.061,"2018-05-16",38,2,"M","Low","2018-02-19","ST",26,3,5,14,NA,"D","D","",0.063875,0.00754865172445668,0.0865209551733701,86,"Lab",NA,NA,NA,NA,NA,NA,NA,NA,NA,NA,NA,NA,1.598125,1.143125,0.748125,1.61325,1.16525,0.75475,1.17775,14,"6Lab","D"
"47",47,6,1,"G",0.061,0.073,0.065,0.068,"2018-05-16",37,2,"M","Low","2018-02-19","PC",28,4,5,14,NA,"A","A","",0.063875,0.00754865172445668,0.0865209551733701,86,"Lab",NA,NA,NA,NA,NA,NA,NA,NA,NA,NA,NA,NA,-0.002875,0.00912499999999999,0.001125,0.01075,0.01225,0.00575,0.00958333333333333,NA,"6Lab","A"
"48",48,6,1,"H",2.036,1.58,1.102,0.08,"2018-06-06",49,2,"M","High","2018-02-27","PC",21,NA,NA,35,14,"AD","A","D",0.063875,0.00754865172445668,0.0865209551733701,99,"Lab",NA,NA,NA,NA,NA,NA,NA,NA,NA,NA,NA,NA,1.972125,1.516125,1.038125,1.97425,1.53075,1.05575,1.52025,14,"6Lab","AD"
"49",49,7,1,"A",1.506,0.976,0.61,0.073,NA,NA,NA,NA,NA,NA,NA,NA,NA,NA,NA,NA,NA,NA,NA,0.070125,0.00617454451761423,0.0886486335528427,NA,"Lab",NA,NA,NA,NA,NA,NA,NA,NA,NA,NA,NA,NA,1.435875,0.905875,0.539875,1.437625,0.908125,0.527125,0.957625,NA,"7Lab",NA
"50",50,7,1,"B",1.461,0.923,0.574,0.061,NA,NA,NA,NA,NA,NA,NA,NA,NA,NA,NA,NA,NA,NA,NA,0.070125,0.00617454451761423,0.0886486335528427,NA,"Lab",NA,NA,NA,NA,NA,NA,NA,NA,NA,NA,NA,NA,1.390875,0.852875,0.503875,1.351125,0.843625,0.491125,0.895291666666667,NA,"7Lab",NA
"51",51,7,1,"C",1.66,1.167,0.737,0.073,"2018-06-04",25,1,"F","Low","2018-02-19","PC",20,NA,NA,35,14,"AD","A","D",0.070125,0.00617454451761423,0.0886486335528427,105,"Lab",NA,NA,NA,NA,NA,NA,NA,NA,NA,NA,NA,NA,1.589875,1.096875,0.666875,1.573125,1.083125,0.660125,1.10545833333333,14,"7Lab","AD"
"52",52,7,1,"D",0.06,0.06,0.066,0.061,NA,NA,NA,NA,NA,NA,NA,NA,NA,NA,NA,NA,NA,NA,NA,0.070125,0.00617454451761423,0.0886486335528427,NA,"Lab",NA,NA,NA,NA,NA,NA,NA,NA,NA,NA,NA,NA,-0.010125,-0.010125,-0.004125,-0.013375,-0.012375,-0.010875,-0.0122083333333333,NA,"7Lab",NA
"53",53,7,1,"E",1.53,1.107,0.711,0.079,"2018-05-14",6,1,"M","Low","2018-03-07","SC",23.5,4,4,14,NA,"D","D","",0.070125,0.00617454451761423,0.0886486335528427,68,"Lab",NA,NA,NA,NA,NA,NA,NA,NA,NA,NA,NA,NA,1.459875,1.036875,0.640875,1.465125,1.033125,0.649125,1.049125,14,"7Lab","D"
"54",54,7,1,"F",0.055,0.056,0.056,0.072,"2018-05-16",62,2,"F","Low","2018-02-18","PC",15.5,2,4,14,NA,"A","A","",0.070125,0.00617454451761423,0.0886486335528427,87,"Lab",NA,NA,NA,NA,NA,NA,NA,NA,NA,NA,NA,NA,-0.015125,-0.014125,-0.014125,-0.016375,-0.015875,-0.015375,-0.015875,NA,"7Lab","A"
"55",55,7,1,"G",2.766,2.679,2.445,0.071,"2018-06-06",44,2,"M","Low","2018-01-19","ST",23,NA,NA,35,14,"DD","D","D",0.070125,0.00617454451761423,0.0886486335528427,138,"Lab",NA,NA,NA,NA,NA,NA,NA,NA,NA,NA,NA,NA,2.695875,2.608875,2.374875,2.746625,2.630625,2.383625,2.58695833333333,35,"7Lab","DD"
"56",56,7,1,"H",2.899,2.709,2.348,0.071,"2018-06-06",64,2,"F","High","2018-03-07","SC",NA,NA,NA,35,14,"DA","D","A",0.070125,0.00617454451761423,0.0886486335528427,91,"Lab",NA,NA,NA,NA,NA,NA,NA,NA,NA,NA,NA,NA,2.828875,2.638875,2.277875,2.809625,2.638125,2.282125,2.576625,35,"7Lab","DA"
"57",57,8,1,"A",1.593,1.043,0.665,0.072,NA,NA,NA,NA,NA,NA,NA,NA,NA,NA,NA,NA,NA,NA,NA,0.06375,0.00565053726901889,0.0807016118070567,NA,"Lab",NA,NA,NA,NA,NA,NA,NA,NA,NA,NA,NA,NA,1.52925,0.97925,0.60125,1.51675,0.98275,0.61625,1.03858333333333,NA,"8Lab",NA
"58",58,8,1,"B",1.357,0.901,0.568,0.067,NA,NA,NA,NA,NA,NA,NA,NA,NA,NA,NA,NA,NA,NA,NA,0.06375,0.00565053726901889,0.0807016118070567,NA,"Lab",NA,NA,NA,NA,NA,NA,NA,NA,NA,NA,NA,NA,1.29325,0.83725,0.50425,1.27925,0.83625,0.48475,0.86675,NA,"8Lab",NA
"59",59,8,1,"C",1.727,1.245,0.947,0.059,"2018-06-04",7,1,"M","Low","2018-03-07","SC",25.5,NA,NA,35,14,"DA","D","A",0.06375,0.00565053726901889,0.0807016118070567,89,"Lab",NA,NA,NA,NA,NA,NA,NA,NA,NA,NA,NA,NA,1.66325,1.18125,0.88325,1.61875,1.13975,0.86225,1.20691666666667,35,"8Lab","DA"
"60",60,8,1,"D",1.369,0.94,0.638,0.06,"2018-05-14",19,1,"F","Low","2018-01-20","SC",18.5,3,3,14,NA,"D","D","",0.06375,0.00565053726901889,0.0807016118070567,114,"Lab",NA,NA,NA,NA,NA,NA,NA,NA,NA,NA,NA,NA,1.30525,0.87625,0.57425,1.30225,0.88325,0.57175,0.919083333333333,14,"8Lab","D"
"61",61,8,1,"E",2.7,2.353,2.084,0.071,"2018-06-06",40,2,"M","Low","2018-02-19","SC",24.5,NA,NA,35,14,"DA","D","A",0.06375,0.00565053726901889,0.0807016118070567,107,"Lab",NA,NA,NA,NA,NA,NA,NA,NA,NA,NA,NA,NA,2.63625,2.28925,2.02025,2.61425,2.32625,1.94075,2.29375,35,"8Lab","DA"
"62",62,8,1,"F",1.748,1.314,0.881,0.064,"2018-05-19",65,2,"F","High","2018-02-23","ST",20,3,4,17,NA,"D","D","",0.06375,0.00565053726901889,0.0807016118070567,85,"Lab",NA,NA,NA,NA,NA,NA,NA,NA,NA,NA,NA,NA,1.68425,1.25025,0.81725,1.67625,1.25425,0.79775,1.24275,17,"8Lab","D"
"63",63,8,1,"G",1.959,1.51,1.055,0.058,"2018-05-24",55,2,"F","Low","2018-02-27","ST",16,2,4,22,1,"DD","D","D",0.06375,0.00565053726901889,0.0807016118070567,86,"Lab",NA,NA,NA,NA,NA,NA,NA,NA,NA,NA,NA,NA,1.89525,1.44625,0.99125,1.88525,1.47375,0.99325,1.45075,22,"8Lab","D"
"64",64,8,1,"H",2.746,2.562,2.128,0.059,"2018-06-06",39,2,"M","Low","2018-02-19","SC",29,NA,NA,35,14,"DA","D","A",0.06375,0.00565053726901889,0.0807016118070567,107,"Lab",NA,NA,NA,NA,NA,NA,NA,NA,NA,NA,NA,NA,2.68225,2.49825,2.06425,2.66825,2.46375,2.06575,2.39925,35,"8Lab","DA"
"65",65,9,1,"A",1.533,1.149,0.735,0.097,NA,NA,NA,NA,NA,NA,NA,NA,NA,NA,NA,NA,NA,NA,NA,0.076625,0.0121295094707082,0.113013528412125,NA,"Lab",NA,NA,NA,NA,NA,NA,NA,NA,NA,NA,NA,NA,1.456375,1.072375,0.658375,1.477875,1.078375,0.658875,1.07170833333333,NA,"9Lab",NA
"66",66,9,1,"B",1.412,0.873,0.549,0.084,NA,NA,NA,NA,NA,NA,NA,NA,NA,NA,NA,NA,NA,NA,NA,0.076625,0.0121295094707082,0.113013528412125,NA,"Lab",NA,NA,NA,NA,NA,NA,NA,NA,NA,NA,NA,NA,1.335375,0.796375,0.472375,1.307875,0.790375,0.460375,0.852875,NA,"9Lab",NA
"67",67,9,1,"C",1.823,1.369,0.929,0.064,"2018-06-04",36,1,"F","High","2018-02-18","PC",18.5,NA,NA,35,14,"AD","A","D",0.076625,0.0121295094707082,0.113013528412125,106,"Lab",NA,NA,NA,NA,NA,NA,NA,NA,NA,NA,NA,NA,1.746375,1.292375,0.852375,1.708875,1.260375,0.842875,1.27070833333333,14,"9Lab","AD"
"68",68,9,1,"D",2.498,2.189,1.762,0.079,"2018-05-22",2,1,"M","Low","2018-01-20","ST",22,4,4,22,1,"DD","D","D",0.076625,0.0121295094707082,0.113013528412125,122,"Lab",NA,NA,NA,NA,NA,NA,NA,NA,NA,NA,NA,NA,2.421375,2.112375,1.685375,2.358875,2.095375,1.671875,2.04204166666667,22,"9Lab","D"
"69",69,9,1,"E",2.031,1.493,1.013,0.061,"2018-05-17",12,1,"M","High","2018-02-19","ST",21.5,3,3,17,NA,"D","D","",0.076625,0.0121295094707082,0.113013528412125,87,"Lab",NA,NA,NA,NA,NA,NA,NA,NA,NA,NA,NA,NA,1.954375,1.416375,0.936375,1.927375,1.423875,0.941875,1.43104166666667,17,"9Lab","D"
"70",70,9,1,"F",1.912,1.539,1.081,0.066,"2018-06-04",17,1,"M","High","2018-01-29","ST",35.5,NA,NA,35,14,"DD","D","D",0.076625,0.0121295094707082,0.113013528412125,126,"Lab",NA,NA,NA,NA,NA,NA,NA,NA,NA,NA,NA,NA,1.835375,1.462375,1.004375,1.886375,1.469375,0.995375,1.450375,35,"9Lab","DD"
"71",71,9,1,"G",2.737,2.546,2.354,0.081,"2018-06-04",9,1,"M","Low",NA,"ST",NA,NA,NA,35,14,"DD","D","D",0.076625,0.0121295094707082,0.113013528412125,NA,"Lab",NA,NA,NA,NA,NA,NA,NA,NA,NA,NA,NA,NA,2.660375,2.469375,2.277375,2.655875,2.386375,2.308875,2.450375,35,"9Lab","DD"
"72",72,9,1,"H",1.293,0.814,0.517,0.081,"2018-06-04",18,1,"M","High","2018-01-29","PC",24,NA,NA,35,14,"AD","A","D",0.076625,0.0121295094707082,0.113013528412125,126,"Lab",NA,NA,NA,NA,NA,NA,NA,NA,NA,NA,NA,NA,1.216375,0.737375,0.440375,1.194875,0.752875,0.457875,0.801875,14,"9Lab","AD"
"73",73,10,1,"A",1.45,1.021,0.622,0.078,NA,NA,NA,NA,NA,NA,NA,NA,NA,NA,NA,NA,NA,NA,NA,0.07225,0.00634147346555086,0.0912744203966526,NA,"Lab",NA,NA,NA,NA,NA,NA,NA,NA,NA,NA,NA,NA,1.37775,0.94875,0.54975,1.40525,0.94975,0.55975,0.971583333333333,NA,"10Lab",NA
"74",74,10,1,"B",1.323,0.822,0.481,0.08,NA,NA,NA,NA,NA,NA,NA,NA,NA,NA,NA,NA,NA,NA,NA,0.07225,0.00634147346555086,0.0912744203966526,NA,"Lab",NA,NA,NA,NA,NA,NA,NA,NA,NA,NA,NA,NA,1.25075,0.74975,0.40875,1.25825,0.74925,0.41125,0.80625,NA,"10Lab",NA
"75",75,10,1,"C",2.733,2.553,2.223,0.067,"2018-05-24",51,2,"M","High","2018-02-18","ST",20.5,3,4,22,1,"DD","D","D",0.07225,0.00634147346555086,0.0912744203966526,95,"Lab",NA,NA,NA,NA,NA,NA,NA,NA,NA,NA,NA,NA,2.66075,2.48075,2.15075,2.66275,2.48575,2.16375,2.43741666666667,22,"10Lab","D"
"76",76,10,1,"D",2.481,2.095,1.782,0.064,"2018-05-22",30,1,"F","High","2018-02-21","ST",18,4,4,22,1,"DD","D","D",0.07225,0.00634147346555086,0.0912744203966526,90,"Lab",NA,NA,NA,NA,NA,NA,NA,NA,NA,NA,NA,NA,2.40875,2.02275,1.70975,2.37925,2.03075,1.69225,2.03408333333333,22,"10Lab","D"
"77",77,10,1,"E",1.947,1.432,0.945,0.074,"2018-05-17",29,1,"F","High","2018-02-21","SC",27,3,4,17,NA,"D","D","",0.07225,0.00634147346555086,0.0912744203966526,85,"Lab",NA,NA,NA,NA,NA,NA,NA,NA,NA,NA,NA,NA,1.87475,1.35975,0.87275,1.88875,1.35775,0.88975,1.37875,17,"10Lab","D"
"78",78,10,1,"F",0.054,0.046,0.054,0.079,"2018-05-17",8,1,"M","Low","2018-01-20","PC",24,3,3,17,NA,"A","A","",0.07225,0.00634147346555086,0.0912744203966526,117,"Lab",NA,NA,NA,NA,NA,NA,NA,NA,NA,NA,NA,NA,-0.01825,-0.02625,-0.01825,-0.01525,-0.02475,-0.01725,-0.0190833333333333,NA,"10Lab","A"
"79",79,10,1,"G",1.756,1.178,0.611,0.066,"2018-06-04",6,1,"M","Low","2018-03-07","SC",25,NA,NA,35,14,"DA","D","A",0.07225,0.00634147346555086,0.0912744203966526,89,"Lab",NA,NA,NA,NA,NA,NA,NA,NA,NA,NA,NA,NA,1.68375,1.10575,0.53875,1.70575,1.14625,0.54725,1.13308333333333,35,"10Lab","DA"
"80",80,10,1,"H",1.662,1.202,0.769,0.07,"2018-05-14",12,1,"M","High","2018-02-19","ST",21.5,3,3,14,NA,"D","D","",0.07225,0.00634147346555086,0.0912744203966526,84,"Lab",NA,NA,NA,NA,NA,NA,NA,NA,NA,NA,NA,NA,1.58975,1.12975,0.69675,1.58225,1.14025,0.69775,1.14008333333333,14,"10Lab","D"
"81",81,11,1,"A",1.344,0.866,0.535,0.094,NA,NA,NA,NA,NA,NA,NA,NA,NA,NA,NA,NA,NA,NA,NA,0.07225,0.010525479290071,0.103826437870213,NA,"Lab",NA,NA,NA,NA,NA,NA,NA,NA,NA,NA,NA,NA,1.27175,0.79375,0.46275,1.2775,0.7935,0.475,0.848666666666667,NA,"11Lab",NA
"82",82,11,1,"B",1.478,0.982,0.563,0.068,NA,NA,NA,NA,NA,NA,NA,NA,NA,NA,NA,NA,NA,NA,NA,0.07225,0.010525479290071,0.103826437870213,NA,"Lab",NA,NA,NA,NA,NA,NA,NA,NA,NA,NA,NA,NA,1.40575,0.90975,0.49075,1.3935,0.8905,0.503,0.929,NA,"11Lab",NA
"83",83,11,1,"C",0.663,0.398,0.23,0.062,"2018-05-14",33,1,"F","High","2018-01-29","ST",19.5,3,4,14,NA,"D","D","",0.07225,0.010525479290071,0.103826437870213,105,"Lab",NA,NA,NA,NA,NA,NA,NA,NA,NA,NA,NA,NA,0.59075,0.32575,0.15775,0.591,0.334,0.1645,0.363166666666667,14,"11Lab","D"
"84",84,11,1,"D",1.09,0.664,0.386,0.077,"2018-06-06",62,2,"F","Low","2018-02-18","PC",16,NA,NA,35,14,"AD","A","D",0.07225,0.010525479290071,0.103826437870213,108,"Lab",NA,NA,NA,NA,NA,NA,NA,NA,NA,NA,NA,NA,1.01775,0.59175,0.31375,0.992,0.603,0.325,0.64,14,"11Lab","AD"
"85",85,11,1,"E",1.737,1.183,0.71,0.067,"2018-06-06",42,2,"M","Low","2018-01-19","PC",22.5,NA,NA,35,14,"AD","A","D",0.07225,0.010525479290071,0.103826437870213,138,"Lab",NA,NA,NA,NA,NA,NA,NA,NA,NA,NA,NA,NA,1.66475,1.11075,0.63775,1.597,1.085,0.6205,1.10083333333333,14,"11Lab","AD"
"86",86,11,1,"F",2.326,1.84,1.292,0.063,"2018-05-22",35,1,"F","High","2018-02-18","ST",16,3,3,22,1,"DD","D","D",0.07225,0.010525479290071,0.103826437870213,93,"Lab",NA,NA,NA,NA,NA,NA,NA,NA,NA,NA,NA,NA,2.25375,1.76775,1.21975,2.2135,1.688,1.2135,1.705,22,"11Lab","D"
"87",87,11,1,"G",2.981,2.674,2.439,0.069,"2018-06-04",2,1,"M","Low","2018-01-20","ST",22.5,NA,NA,35,14,"DD","D","D",0.07225,0.010525479290071,0.103826437870213,135,"Lab",NA,NA,NA,NA,NA,NA,NA,NA,NA,NA,NA,NA,2.90875,2.60175,2.36675,2.8465,2.646,2.4385,2.64366666666667,35,"11Lab","DD"
"88",88,11,1,"H",2.574,2.14,1.731,0.078,"2018-06-06",47,2,"M","High","2018-03-07","SC",27,NA,NA,35,14,"DA","D","A",0.07225,0.010525479290071,0.103826437870213,91,"Lab",NA,NA,NA,NA,NA,NA,NA,NA,NA,NA,NA,NA,2.50175,2.06775,1.65875,2.474,2.1145,1.686,2.0915,35,"11Lab","DA"
"89",89,12,1,"A",1.495,0.953,0.553,0.106,NA,NA,NA,NA,NA,NA,NA,NA,NA,NA,NA,NA,NA,NA,NA,0.067875,0.0163832449254021,0.117024734776206,NA,"Lab",NA,NA,NA,NA,NA,NA,NA,NA,NA,NA,NA,NA,1.427125,0.885125,0.485125,1.445,0.888,0.4985,0.943833333333333,NA,"12Lab",NA
"90",90,12,1,"B",1.463,0.967,0.576,0.061,NA,NA,NA,NA,NA,NA,NA,NA,NA,NA,NA,NA,NA,NA,NA,0.067875,0.0163832449254021,0.117024734776206,NA,"Lab",NA,NA,NA,NA,NA,NA,NA,NA,NA,NA,NA,NA,1.395125,0.899125,0.508125,1.4075,0.8995,0.505,0.937333333333333,NA,"12Lab",NA
"91",91,12,1,"C",0.057,0.048,0.051,0.073,"2018-05-24",42,2,"M","Low","2018-01-19","PC",21.5,3,4,22,1,"AD","A","D",0.067875,0.0163832449254021,0.117024734776206,125,"Lab",NA,NA,NA,NA,NA,NA,NA,NA,NA,NA,NA,NA,-0.010875,-0.019875,-0.016875,-0.0095,-0.0205,-0.0165,-0.0155,1,"12Lab","A"
"92",92,12,1,"D",1.81,1.236,0.738,0.058,"2018-05-19",68,2,"F","High","2018-02-23","SC",21,3,4,17,NA,"D","D","",0.067875,0.0163832449254021,0.117024734776206,85,"Lab",NA,NA,NA,NA,NA,NA,NA,NA,NA,NA,NA,NA,1.742125,1.168125,0.670125,1.758,1.1355,0.6755,1.18966666666667,17,"12Lab","D"
"93",93,12,1,"E",1.405,0.92,0.584,0.056,"2018-06-04",31,1,"F","High","2018-01-20","PC",17.5,NA,NA,35,14,"AD","A","D",0.067875,0.0163832449254021,0.117024734776206,135,"Lab",NA,NA,NA,NA,NA,NA,NA,NA,NA,NA,NA,NA,1.337125,0.852125,0.516125,1.347,0.8525,0.5155,0.905,14,"12Lab","AD"
"94",94,12,1,"F",2.118,1.616,1.146,0.058,"2018-05-14",34,1,"F","High","2018-01-20","SC",16.5,3,3,14,NA,"D","D","",0.067875,0.0163832449254021,0.117024734776206,114,"Lab",NA,NA,NA,NA,NA,NA,NA,NA,NA,NA,NA,NA,2.050125,1.548125,1.078125,2.0275,1.528,1.0795,1.545,14,"12Lab","D"
"95",95,12,1,"G",1.097,0.684,0.422,0.067,"2018-05-17",33,1,"F","High","2018-01-29","ST",19.5,3,4,17,NA,"D","D","",0.067875,0.0163832449254021,0.117024734776206,108,"Lab",NA,NA,NA,NA,NA,NA,NA,NA,NA,NA,NA,NA,1.029125,0.616125,0.354125,1.045,0.6205,0.3545,0.673333333333333,17,"12Lab","D"
"96",96,12,1,"H",2.208,1.681,1.153,0.064,"2018-05-24",70,2,"F","High","2018-02-18","ST",19,3,4,22,1,"DD","D","D",0.067875,0.0163832449254021,0.117024734776206,95,"Lab",NA,NA,NA,NA,NA,NA,NA,NA,NA,NA,NA,NA,2.140125,1.613125,1.085125,2.172,1.5985,1.086,1.61883333333333,22,"12Lab","D"
"97",97,13,1,"A",1.281,0.842,0.503,0.079,NA,NA,NA,NA,NA,NA,NA,NA,NA,NA,NA,NA,NA,NA,NA,0.0785,0.00515474815790535,0.093964244473716,NA,"Lab",NA,NA,NA,NA,NA,NA,NA,NA,NA,NA,NA,NA,1.2025,0.7635,0.4245,1.2109375,0.7624375,0.4309375,0.8014375,NA,"13Lab",NA
"98",98,13,1,"B",1.302,0.871,0.528,0.079,NA,NA,NA,NA,NA,NA,NA,NA,NA,NA,NA,NA,NA,NA,NA,0.0785,0.00515474815790535,0.093964244473716,NA,"Lab",NA,NA,NA,NA,NA,NA,NA,NA,NA,NA,NA,NA,1.2235,0.7925,0.4495,1.2469375,0.8014375,0.4509375,0.833104166666667,NA,"13Lab",NA
"99",99,13,1,"C",1.245,0.826,0.493,0.09,"2018-05-16",65,2,"F","High","2018-02-23","ST",20,3,4,14,NA,"D","D","",0.0785,0.00515474815790535,0.093964244473716,82,"Lab",NA,NA,NA,NA,NA,NA,NA,NA,NA,NA,NA,NA,1.1665,0.7475,0.4145,1.1799375,0.7599375,0.4214375,0.787104166666667,14,"13Lab","D"
"100",100,13,1,"D",2.252,1.862,1.357,0.077,"2018-06-04",15,1,"M","High","2018-01-20","SC",28.5,NA,NA,35,14,"DA","D","A",0.0785,0.00515474815790535,0.093964244473716,135,"Lab",NA,NA,NA,NA,NA,NA,NA,NA,NA,NA,NA,NA,2.1735,1.7835,1.2785,2.1779375,1.8524375,1.2994375,1.77660416666667,35,"13Lab","DA"
"101",101,13,1,"E",0.627,0.38,0.229,0.074,"2018-06-06",37,2,"M","Low","2018-02-19","PC",NA,NA,NA,35,14,"AD","A","D",0.0785,0.00515474815790535,0.093964244473716,107,"Lab",NA,NA,NA,NA,NA,NA,NA,NA,NA,NA,NA,NA,0.5485,0.3015,0.1505,0.5474375,0.3144375,0.1549375,0.3389375,14,"13Lab","AD"
"102",102,13,1,"F",2.484,2.396,1.931,0.073,"2018-05-14",20,1,"F","Low","2018-01-19","ST",17,3,3,14,NA,"D","D","",0.0785,0.00515474815790535,0.093964244473716,115,"Lab",NA,NA,NA,NA,NA,NA,NA,NA,NA,NA,NA,NA,2.4055,2.3175,1.8525,2.4579375,2.3744375,1.8769375,2.2364375,14,"13Lab","D"
"103",103,13,1,"G",1.415,0.986,0.609,0.078,"2018-05-16",50,2,"M","High","2018-02-18","SC",26,3,4,14,NA,"D","D","",0.0785,0.00515474815790535,0.093964244473716,87,"Lab",NA,NA,NA,NA,NA,NA,NA,NA,NA,NA,NA,NA,1.3365,0.9075,0.5305,1.3609375,0.9304375,0.5464375,0.9459375,14,"13Lab","D"
"104",104,13,1,"H",1.682,1.168,0.753,0.078,"2018-05-16",55,2,"F","Low","2018-02-27","ST",16,3,4,14,NA,"D","D","",0.0785,0.00515474815790535,0.093964244473716,78,"Lab",NA,NA,NA,NA,NA,NA,NA,NA,NA,NA,NA,NA,1.6035,1.0895,0.6745,1.6324375,1.1019375,0.6919375,1.14210416666667,14,"13Lab","D"
"105",105,14,1,"A",1.502,0.908,0.556,0.081,NA,NA,NA,NA,NA,NA,NA,NA,NA,NA,NA,NA,NA,NA,NA,0.071,0.00555492059863531,0.0876647617959059,NA,"Lab",NA,NA,NA,NA,NA,NA,NA,NA,NA,NA,NA,NA,1.431,0.837,0.485,1.441125,0.844125,0.489125,0.924791666666667,NA,"14Lab",NA
"106",106,14,1,"B",1.443,0.876,0.554,0.064,NA,NA,NA,NA,NA,NA,NA,NA,NA,NA,NA,NA,NA,NA,NA,0.071,0.00555492059863531,0.0876647617959059,NA,"Lab",NA,NA,NA,NA,NA,NA,NA,NA,NA,NA,NA,NA,1.372,0.805,0.483,1.384125,0.822125,0.483625,0.896625,NA,"14Lab",NA
"107",107,14,1,"C",2.064,1.616,1.213,0.068,"2018-05-19",44,2,"M","Low","2018-01-19","ST",22.5,3,4,17,NA,"D","D","",0.071,0.00555492059863531,0.0876647617959059,120,"Lab",NA,NA,NA,NA,NA,NA,NA,NA,NA,NA,NA,NA,1.993,1.545,1.142,2.011625,1.547125,1.145125,1.56795833333333,17,"14Lab","D"
"108",108,14,1,"D",0.057,0.056,0.062,0.073,"2018-05-24",49,2,"M","High","2018-02-27","PC",21.5,3,4,22,1,"AD","A","D",0.071,0.00555492059863531,0.0876647617959059,86,"Lab",NA,NA,NA,NA,NA,NA,NA,NA,NA,NA,NA,NA,-0.014,-0.015,-0.00899999999999999,-0.012375,-0.014375,-0.004375,-0.010375,1,"14Lab","A"
"109",109,14,1,"E",0.058,0.056,0.06,0.07,"2018-05-22",11,1,"M","High","2018-02-18","PC",25.5,4,5,22,1,"AD","A","D",0.071,0.00555492059863531,0.0876647617959059,93,"Lab",NA,NA,NA,NA,NA,NA,NA,NA,NA,NA,NA,NA,-0.013,-0.015,-0.011,-0.010875,-0.013875,-0.010375,-0.0117083333333333,1,"14Lab","A"
"110",110,14,1,"F",0.76,0.432,0.268,0.072,"2018-05-19",52,2,"M","High","2018-01-21","SC",35,4,5,17,NA,"D","D","",0.071,0.00555492059863531,0.0876647617959059,118,"Lab",NA,NA,NA,NA,NA,NA,NA,NA,NA,NA,NA,NA,0.689,0.361,0.197,0.706625,0.369125,0.202125,0.425958333333333,17,"14Lab","D"
"111",111,14,1,"G",2.685,2.429,2.066,0.065,"2018-06-06",50,2,"M","High","2018-02-18","SC",29.5,NA,NA,35,14,"DA","D","A",0.071,0.00555492059863531,0.0876647617959059,108,"Lab",NA,NA,NA,NA,NA,NA,NA,NA,NA,NA,NA,NA,2.614,2.358,1.995,2.644125,2.397625,1.980625,2.34079166666667,35,"14Lab","DA"
"112",112,14,1,"H",2.782,2.518,2.202,0.075,"2018-06-06",65,2,"F","High","2018-02-23","ST",NA,NA,NA,35,14,"DD","D","D",0.071,0.00555492059863531,0.0876647617959059,103,"Lab",NA,NA,NA,NA,NA,NA,NA,NA,NA,NA,NA,NA,2.711,2.447,2.131,2.724125,2.461625,2.085625,2.42379166666667,35,"14Lab","DD"
"113",113,15,1,"A",1.613,1.011,0.652,0.099,NA,NA,NA,NA,NA,NA,NA,NA,NA,NA,NA,NA,NA,NA,NA,0.1055,0.0374966665185053,0.217989999555516,NA,"Lab",NA,NA,NA,NA,NA,NA,NA,NA,NA,NA,NA,NA,1.5075,0.9055,0.5465,1.49475,0.90875,0.55775,0.987083333333333,NA,"15Lab",NA
"114",114,15,1,"B",1.548,1.031,0.661,0.143,NA,NA,NA,NA,NA,NA,NA,NA,NA,NA,NA,NA,NA,NA,NA,0.1055,0.0374966665185053,0.217989999555516,NA,"Lab",NA,NA,NA,NA,NA,NA,NA,NA,NA,NA,NA,NA,1.4425,0.9255,0.5555,1.44225,0.94025,0.55375,0.97875,NA,"15Lab",NA
"115",115,15,1,"C",2.252,1.805,1.286,0.076,"2018-05-19",51,2,"M","High","2018-02-18","ST",20,3,4,17,NA,"D","D","",0.1055,0.0374966665185053,0.217989999555516,90,"Lab",NA,NA,NA,NA,NA,NA,NA,NA,NA,NA,NA,NA,2.1465,1.6995,1.1805,2.13825,1.70475,1.19325,1.67875,17,"15Lab","D"
"116",116,15,1,"D",1.386,0.912,0.565,0.094,"2018-05-24",63,2,"F","Low","2018-03-07","ST",14.5,2,4,22,1,"DD","D","D",0.1055,0.0374966665185053,0.217989999555516,78,"Lab",NA,NA,NA,NA,NA,NA,NA,NA,NA,NA,NA,NA,1.2805,0.8065,0.4595,1.29825,0.82325,0.47625,0.865916666666667,22,"15Lab","D"
"117",117,15,1,"E",1.909,1.347,0.94,0.182,"2018-05-17",7,1,"M","Low","2018-03-07","SC",24.5,4,4,17,NA,"D","D","",0.1055,0.0374966665185053,0.217989999555516,71,"Lab",NA,NA,NA,NA,NA,NA,NA,NA,NA,NA,NA,NA,1.8035,1.2415,0.8345,1.82675,1.25925,0.84875,1.31158333333333,17,"15Lab","D"
"118",118,15,1,"F",2.525,2.043,1.622,0.077,"2018-05-19",57,2,"F","Low","2018-02-24","SC",16.5,3,4,17,NA,"D","D","",0.1055,0.0374966665185053,0.217989999555516,84,"Lab",NA,NA,NA,NA,NA,NA,NA,NA,NA,NA,NA,NA,2.4195,1.9375,1.5165,2.42375,1.97725,1.55675,1.98591666666667,17,"15Lab","D"
"119",119,15,1,"G",2.526,2.128,1.681,0.088,"2018-05-24",39,2,"M","Low","2018-02-19","SC",30,3,4,22,1,"DA","D","A",0.1055,0.0374966665185053,0.217989999555516,94,"Lab",NA,NA,NA,NA,NA,NA,NA,NA,NA,NA,NA,NA,2.4205,2.0225,1.5755,2.44475,2.04375,1.61775,2.03541666666667,22,"15Lab","D"
"120",120,15,1,"H",2.107,1.313,1.189,0.085,"2018-06-06",69,2,"F","High","2018-02-18","PC",24,NA,NA,35,14,"AD","A","D",0.1055,0.0374966665185053,0.217989999555516,108,"Lab",NA,NA,NA,NA,NA,NA,NA,NA,NA,NA,NA,NA,2.0015,1.2075,1.0835,2.02125,1.20675,1.10725,1.44508333333333,14,"15Lab","AD"
"121",121,16,1,"A",1.442,0.956,0.588,0.07,NA,NA,NA,NA,NA,NA,NA,NA,NA,NA,NA,NA,NA,NA,NA,0.0745,0.00504267502706366,0.089628025081191,NA,"Lab",NA,NA,NA,NA,NA,NA,NA,NA,NA,NA,NA,NA,1.3675,0.8815,0.5135,1.401125,0.903625,0.524125,0.942958333333333,NA,"16Lab",NA
"122",122,16,1,"B",1.473,0.939,0.597,0.068,NA,NA,NA,NA,NA,NA,NA,NA,NA,NA,NA,NA,NA,NA,NA,0.0745,0.00504267502706366,0.089628025081191,NA,"Lab",NA,NA,NA,NA,NA,NA,NA,NA,NA,NA,NA,NA,1.3985,0.8645,0.5225,1.440625,0.874125,0.530625,0.948458333333333,NA,"16Lab",NA
"123",123,16,1,"C",0.059,0.059,0.056,0.075,"2018-05-17",18,1,"M","High","2018-01-29","PC",22.5,3,4,17,NA,"A","A","",0.0745,0.00504267502706366,0.089628025081191,108,"Lab",NA,NA,NA,NA,NA,NA,NA,NA,NA,NA,NA,NA,-0.0155,-0.0155,-0.0185,-0.013875,-0.013875,-0.015875,-0.0145416666666667,NA,"16Lab","A"
"124",124,16,1,"D",0.057,0.057,0.057,0.075,"2018-05-22",31,1,"F","High","2018-01-20","PC",16,3,3,22,1,"AD","A","D",0.0745,0.00504267502706366,0.089628025081191,122,"Lab",NA,NA,NA,NA,NA,NA,NA,NA,NA,NA,NA,NA,-0.0175,-0.0175,-0.0175,-0.014375,-0.014875,-0.016375,-0.0152083333333333,1,"16Lab","A"
"125",125,16,1,"E",1.972,1.389,0.93,0.075,"2018-05-16",59,2,"F","Low","2018-02-18","ST",16.5,3,3,14,NA,"D","D","",0.0745,0.00504267502706366,0.089628025081191,87,"Lab",NA,NA,NA,NA,NA,NA,NA,NA,NA,NA,NA,NA,1.8975,1.3145,0.8555,1.877125,1.373125,0.889625,1.37995833333333,14,"16Lab","D"
"126",126,16,1,"F",0.06,0.06,0.055,0.078,"2018-05-17",28,1,"F","High","2018-02-19","PC",15.5,2,3,17,NA,"A","A","",0.0745,0.00504267502706366,0.089628025081191,87,"Lab",NA,NA,NA,NA,NA,NA,NA,NA,NA,NA,NA,NA,-0.0145,-0.0145,-0.0195,-0.011875,-0.013375,-0.018375,-0.0145416666666667,NA,"16Lab","A"
"127",127,16,1,"G",2.892,2.695,2.481,0.071,"2018-05-24",59,2,"F","Low","2018-02-18","ST",17.5,2,3,22,1,"DD","D","D",0.0745,0.00504267502706366,0.089628025081191,95,"Lab",NA,NA,NA,NA,NA,NA,NA,NA,NA,NA,NA,NA,2.8175,2.6205,2.4065,2.823625,2.595625,2.440625,2.61995833333333,22,"16Lab","D"
"128",128,16,1,"H",0.063,0.071,0.066,0.084,"2018-05-14",3,1,"M","Low","2018-01-20","PC",22,3,4,14,NA,"A","A","",0.0745,0.00504267502706366,0.089628025081191,114,"Lab",NA,NA,NA,NA,NA,NA,NA,NA,NA,NA,NA,NA,-0.0115,-0.0035,-0.00849999999999999,-0.004875,0.002625,-0.003875,-0.00204166666666666,NA,"16Lab","A"
"129",129,17,1,"A",1.627,1.148,0.721,0.079,NA,NA,NA,NA,NA,NA,NA,NA,NA,NA,NA,NA,NA,NA,NA,0.071125,0.00653425042154252,0.0907277512646275,NA,"Lab",NA,NA,NA,NA,NA,NA,NA,NA,NA,NA,NA,NA,1.555875,1.076875,0.649875,1.5563125,1.0868125,0.6583125,1.10047916666667,NA,"17Lab",NA
"130",130,17,1,"B",1.582,1.066,0.663,0.077,NA,NA,NA,NA,NA,NA,NA,NA,NA,NA,NA,NA,NA,NA,NA,0.071125,0.00653425042154252,0.0907277512646275,NA,"Lab",NA,NA,NA,NA,NA,NA,NA,NA,NA,NA,NA,NA,1.510875,0.994875,0.591875,1.5218125,0.9978125,0.5898125,1.03647916666667,NA,"17Lab",NA
"131",131,17,1,"C",0.049,0.057,0.053,0.077,"2018-05-19",66,2,"F","High","2018-02-23","PC",23,4,4,17,NA,"A","A","",0.071125,0.00653425042154252,0.0907277512646275,85,"Lab",NA,NA,NA,NA,NA,NA,NA,NA,NA,NA,NA,NA,-0.022125,-0.014125,-0.018125,-0.0206875,-0.0166875,-0.0176875,-0.0183541666666667,NA,"17Lab","A"
"132",132,17,1,"D",0.074,0.073,0.055,0.065,"2018-05-24",66,2,"F","High","2018-02-23","PC",22.5,3,4,22,1,"AD","A","D",0.071125,0.00653425042154252,0.0907277512646275,90,"Lab",NA,NA,NA,NA,NA,NA,NA,NA,NA,NA,NA,NA,0.002875,0.001875,-0.016125,0.0023125,0.0003125,-0.0161875,-0.00452083333333333,1,"17Lab","A"
"133",133,17,1,"E",0.848,0.583,0.302,0.074,"2018-05-16",53,2,"M","High","2018-01-21","ST",25,4,5,14,NA,"D","D","",0.071125,0.00653425042154252,0.0907277512646275,115,"Lab",NA,NA,NA,NA,NA,NA,NA,NA,NA,NA,NA,NA,0.776875,0.511875,0.230875,0.7738125,0.4768125,0.2328125,0.494479166666667,14,"17Lab","D"
"134",134,17,1,"F",0.071,0.119,0.074,0.062,"2018-05-14",8,1,"M","Low","2018-01-20","PC",24,3,3,14,NA,"A","A","",0.071125,0.00653425042154252,0.0907277512646275,114,"Lab",NA,NA,NA,NA,NA,NA,NA,NA,NA,NA,NA,NA,-0.000125,0.047875,0.002875,-0.0096875,0.0128125,-0.0076875,-0.00152083333333333,NA,"17Lab","A"
"135",135,17,1,"G",2.793,2.566,2.211,0.065,"2018-05-24",38,2,"M","Low","2018-02-19","ST",25.5,3,5,22,1,"DD","D","D",0.071125,0.00653425042154252,0.0907277512646275,94,"Lab",NA,NA,NA,NA,NA,NA,NA,NA,NA,NA,NA,NA,2.721875,2.494875,2.139875,2.7528125,2.5278125,2.1658125,2.48214583333333,22,"17Lab","D"
"136",136,17,1,"H",2.936,2.78,2.327,0.07,"2018-06-06",68,2,"F","High","2018-02-23","SC",24,NA,NA,35,14,"DA","D","A",0.071125,0.00653425042154252,0.0907277512646275,103,"Lab",NA,NA,NA,NA,NA,NA,NA,NA,NA,NA,NA,NA,2.864875,2.708875,2.255875,2.8688125,2.7218125,2.2733125,2.6213125,35,"17Lab","DA"
"137",137,18,1,"A",1.983,1.403,0.852,0.074,NA,NA,NA,NA,NA,NA,NA,NA,NA,NA,NA,NA,NA,NA,NA,0.075375,0.00526273964503552,0.0911632189351066,NA,"Lab",NA,NA,NA,NA,NA,NA,NA,NA,NA,NA,NA,NA,1.907625,1.327625,0.776625,1.868,1.3175,0.7895,1.325,NA,"18Lab",NA
"138",138,18,1,"B",1.71,1.103,0.663,0.078,NA,NA,NA,NA,NA,NA,NA,NA,NA,NA,NA,NA,NA,NA,NA,0.075375,0.00526273964503552,0.0911632189351066,NA,"Lab",NA,NA,NA,NA,NA,NA,NA,NA,NA,NA,NA,NA,1.634625,1.027625,0.587625,1.6265,1.0105,0.5845,1.07383333333333,NA,"18Lab",NA
"139",139,18,1,"C",2.148,1.603,1.03,0.076,"2018-05-22",5,1,"M","Low","2018-02-18","ST",25,4,5,22,1,"DD","D","D",0.075375,0.00526273964503552,0.0911632189351066,93,"Lab",NA,NA,NA,NA,NA,NA,NA,NA,NA,NA,NA,NA,2.072625,1.527625,0.954625,2.0505,1.527,0.9415,1.50633333333333,22,"18Lab","D"
"140",140,18,1,"D",0.055,0.057,0.054,0.071,"2018-05-16",56,2,"F","Low","2018-02-24","PC",15,3,4,14,NA,"A","A","",0.075375,0.00526273964503552,0.0911632189351066,81,"Lab",NA,NA,NA,NA,NA,NA,NA,NA,NA,NA,NA,NA,-0.020375,-0.018375,-0.021375,-0.0185,-0.016,-0.0195,-0.018,NA,"18Lab","A"
"141",141,18,1,"E",2.675,2.456,1.922,0.079,"2018-06-06",72,2,"F","High","2018-02-18","SC",30.5,NA,NA,35,14,"DA","D","A",0.075375,0.00526273964503552,0.0911632189351066,108,"Lab",NA,NA,NA,NA,NA,NA,NA,NA,NA,NA,NA,NA,2.599625,2.380625,1.846625,2.6065,2.3135,1.8575,2.25916666666667,35,"18Lab","DA"
"142",142,18,1,"F",0.064,0.055,0.053,0.071,"2018-05-14",36,1,"F","High","2018-02-18","PC",18.5,3,3,14,NA,"A","A","",0.075375,0.00526273964503552,0.0911632189351066,85,"Lab",NA,NA,NA,NA,NA,NA,NA,NA,NA,NA,NA,NA,-0.011375,-0.020375,-0.022375,-0.00799999999999999,-0.017,-0.019,-0.0146666666666667,NA,"18Lab","A"
"143",143,18,1,"G",2.59,2.005,1.397,0.069,"2018-06-04",1,1,"M","Low","2018-01-20","SC",21.5,NA,NA,35,14,"DA","D","A",0.075375,0.00526273964503552,0.0911632189351066,135,"Lab",NA,NA,NA,NA,NA,NA,NA,NA,NA,NA,NA,NA,2.514625,1.929625,1.321625,2.4205,1.9075,1.34,1.88933333333333,35,"18Lab","DA"
"144",144,18,1,"H",0.068,0.068,0.068,0.085,"2018-05-19",62,2,"F","Low","2018-02-18","PC",15.5,2,4,17,NA,"A","A","",0.075375,0.00526273964503552,0.0911632189351066,90,"Lab",NA,NA,NA,NA,NA,NA,NA,NA,NA,NA,NA,NA,-0.00737499999999999,-0.00737499999999999,-0.00737499999999999,-0.003,-0.00699999999999999,0.00250000000000001,-0.00249999999999999,NA,"18Lab","A"
"145",145,19,1,"A",1.739,1.136,0.675,0.119,NA,NA,NA,NA,NA,NA,NA,NA,NA,NA,NA,NA,NA,NA,NA,0.120375,0.0115007763713089,0.154877329113927,NA,"Lab",NA,NA,NA,NA,NA,NA,NA,NA,NA,NA,NA,NA,1.618625,1.015625,0.554625,1.5985625,0.9815625,0.5715625,1.0505625,NA,"19Lab",NA
"146",146,19,1,"B",1.696,1.08,0.688,0.111,NA,NA,NA,NA,NA,NA,NA,NA,NA,NA,NA,NA,NA,NA,NA,0.120375,0.0115007763713089,0.154877329113927,NA,"Lab",NA,NA,NA,NA,NA,NA,NA,NA,NA,NA,NA,NA,1.575625,0.959625,0.567625,1.5815625,0.9775625,0.5755625,1.04489583333333,NA,"19Lab",NA
"147",147,19,1,"C",1.637,1.166,0.723,0.114,"2018-05-14",26,1,"F","Low","2018-02-19","ST",17.5,3,4,14,NA,"D","D","",0.120375,0.0115007763713089,0.154877329113927,84,"Lab",NA,NA,NA,NA,NA,NA,NA,NA,NA,NA,NA,NA,1.516625,1.045625,0.602625,1.5130625,1.0235625,0.6295625,1.05539583333333,14,"19Lab","D"
"148",148,19,1,"D",1.56,1.077,0.661,0.118,"2018-05-17",6,1,"M","Low","2018-03-07","SC",23.5,4,4,17,NA,"D","D","",0.120375,0.0115007763713089,0.154877329113927,71,"Lab",NA,NA,NA,NA,NA,NA,NA,NA,NA,NA,NA,NA,1.439625,0.956625,0.540625,1.4240625,0.9390625,0.5460625,0.969729166666667,17,"19Lab","D"
"149",149,19,1,"E",0.09,0.082,0.096,0.116,"2018-05-24",56,2,"F","Low","2018-02-24","PC",15.5,3,4,22,1,"AD","A","D",0.120375,0.0115007763713089,0.154877329113927,89,"Lab",NA,NA,NA,NA,NA,NA,NA,NA,NA,NA,NA,NA,-0.030375,-0.038375,-0.024375,-0.0134375,-0.0209375,-0.0124375,-0.0156041666666667,1,"19Lab","A"
"150",150,19,1,"F",2.678,2.131,1.537,0.127,"2018-05-24",68,2,"F","High","2018-02-23","SC",22,3,4,22,1,"DA","D","A",0.120375,0.0115007763713089,0.154877329113927,90,"Lab",NA,NA,NA,NA,NA,NA,NA,NA,NA,NA,NA,NA,2.557625,2.010625,1.416625,2.4355625,2.0540625,1.4440625,1.97789583333333,22,"19Lab","D"
"151",151,19,1,"G",1.554,1.047,0.648,0.112,"2018-06-06",60,2,"F","Low","2018-02-18","PC",17,NA,NA,35,14,"AD","A","D",0.120375,0.0115007763713089,0.154877329113927,108,"Lab",NA,NA,NA,NA,NA,NA,NA,NA,NA,NA,NA,NA,1.433625,0.926625,0.527625,1.4295625,0.9445625,0.5525625,0.9755625,14,"19Lab","AD"
"152",152,19,1,"H",3.294,3.015,3.037,0.146,"2018-06-06",38,2,"M","Low","2018-02-19","ST",29,NA,NA,35,14,"DD","D","D",0.120375,0.0115007763713089,0.154877329113927,107,"Lab",NA,NA,NA,NA,NA,NA,NA,NA,NA,NA,NA,NA,3.173625,2.894625,2.916625,3.1805625,2.9045625,2.8560625,2.98039583333333,35,"19Lab","DD"
"153",153,20,1,"A",1.572,1.034,0.669,0.12,NA,NA,NA,NA,NA,NA,NA,NA,NA,NA,NA,NA,NA,NA,NA,0.12075,0.0537421090553235,0.281976327165971,NA,"Lab",NA,NA,NA,NA,NA,NA,NA,NA,NA,NA,NA,NA,1.45125,0.91325,0.54825,1.4588125,0.9088125,0.5373125,0.9683125,NA,"20Lab",NA
"154",154,20,1,"B",1.666,1.086,0.66,0.102,NA,NA,NA,NA,NA,NA,NA,NA,NA,NA,NA,NA,NA,NA,NA,0.12075,0.0537421090553235,0.281976327165971,NA,"Lab",NA,NA,NA,NA,NA,NA,NA,NA,NA,NA,NA,NA,1.54525,0.96525,0.53925,1.4968125,0.9588125,0.5413125,0.998979166666667,NA,"20Lab",NA
"155",155,20,1,"C",0.065,0.091,0.075,0.251,NA,NA,NA,NA,NA,NA,NA,NA,NA,NA,NA,NA,NA,NA,NA,0.12075,0.0537421090553235,0.281976327165971,NA,"Lab",NA,NA,NA,NA,NA,NA,NA,NA,NA,NA,NA,NA,-0.05575,-0.02975,-0.04575,-0.0396875,-0.0321875,-0.0341875,-0.0353541666666667,NA,"20Lab",NA
"156",156,20,1,"D",1.426,0.996,0.65,0.094,"2018-05-19",67,2,"F","High","2018-02-23","ST",26,4,5,17,NA,"D","D","",0.12075,0.0537421090553235,0.281976327165971,85,"Lab",NA,NA,NA,NA,NA,NA,NA,NA,NA,NA,NA,NA,1.30525,0.87525,0.52925,1.3173125,0.8763125,0.5128125,0.902145833333333,17,"20Lab","D"
"157",157,20,1,"E",0.687,0.428,0.266,0.089,"2018-05-24",52,2,"M","High","2018-01-21","SC",34.5,5,5,22,1,"DA","D","A",0.12075,0.0537421090553235,0.281976327165971,123,"Lab",NA,NA,NA,NA,NA,NA,NA,NA,NA,NA,NA,NA,0.56625,0.30725,0.14525,0.5828125,0.3243125,0.1563125,0.354479166666667,22,"20Lab","D"
"158",158,20,1,"F",2.303,1.998,1.46,0.09,"2018-05-24",50,2,"M","High","2018-02-18","SC",26,3,4,22,1,"DA","D","A",0.12075,0.0537421090553235,0.281976327165971,95,"Lab",NA,NA,NA,NA,NA,NA,NA,NA,NA,NA,NA,NA,2.18225,1.87725,1.33925,2.2148125,1.9033125,1.3458125,1.8213125,22,"20Lab","D"
"159",159,20,1,"G",0.077,0.085,0.073,0.11,"2018-05-22",25,1,"F","Low","2018-02-19","PC",20,3,4,22,1,"AD","A","D",0.12075,0.0537421090553235,0.281976327165971,92,"Lab",NA,NA,NA,NA,NA,NA,NA,NA,NA,NA,NA,NA,-0.04375,-0.03575,-0.04775,-0.0316875,-0.0151875,-0.0311875,-0.0260208333333333,1,"20Lab","A"
"160",160,20,1,"H",2.939,2.833,2.646,0.11,"2018-06-04",19,1,"F","Low","2018-01-20","SC",20,NA,NA,35,14,"DA","D","A",0.12075,0.0537421090553235,0.281976327165971,135,"Lab",NA,NA,NA,NA,NA,NA,NA,NA,NA,NA,NA,NA,2.81825,2.71225,2.52525,2.7738125,2.6903125,2.4783125,2.64747916666667,35,"20Lab","DA"
"161",161,21,1,"A",1.522,0.998,0.604,0.104,NA,NA,NA,NA,NA,NA,NA,NA,NA,NA,NA,NA,NA,NA,NA,0.0935,0.00723088613419643,0.115192658402589,NA,"Lab",NA,NA,NA,NA,NA,NA,NA,NA,NA,NA,NA,NA,1.4285,0.9045,0.5105,1.45275,0.90175,0.53325,0.962583333333333,NA,"21Lab",NA
"162",162,21,1,"B",1.429,0.933,0.585,0.101,NA,NA,NA,NA,NA,NA,NA,NA,NA,NA,NA,NA,NA,NA,NA,0.0935,0.00723088613419643,0.115192658402589,NA,"Lab",NA,NA,NA,NA,NA,NA,NA,NA,NA,NA,NA,NA,1.3355,0.8395,0.4915,1.34375,0.84325,0.49825,0.895083333333333,NA,"21Lab",NA
"163",163,21,1,"C",0.752,0.458,0.288,0.09,"2018-05-16",70,2,"F","High","2018-02-18","ST",18.5,3,4,14,NA,"D","D","",0.0935,0.00723088613419643,0.115192658402589,87,"Lab",NA,NA,NA,NA,NA,NA,NA,NA,NA,NA,NA,NA,0.6585,0.3645,0.1945,0.66975,0.36475,0.20375,0.41275,14,"21Lab","D"
"164",164,21,1,"D",2.769,2.62,2.173,0.097,"2018-05-24",57,2,"F","Low","2018-02-24","SC",17,3,4,22,1,"DA","D","A",0.0935,0.00723088613419643,0.115192658402589,89,"Lab",NA,NA,NA,NA,NA,NA,NA,NA,NA,NA,NA,NA,2.6755,2.5265,2.0795,2.67475,2.55625,2.13375,2.45491666666667,22,"21Lab","D"
"165",165,21,1,"E",2.793,2.58,2.067,0.085,"2018-06-06",48,2,"M","High","2018-02-27","ST",26,NA,NA,35,14,"DD","D","D",0.0935,0.00723088613419643,0.115192658402589,99,"Lab",NA,NA,NA,NA,NA,NA,NA,NA,NA,NA,NA,NA,2.6995,2.4865,1.9735,2.77125,2.49075,2.01875,2.42691666666667,35,"21Lab","DD"
"166",166,21,1,"F",0.069,0.086,0.077,0.091,"2018-05-24",45,2,"M","Low","2018-03-07","PC",NA,NA,NA,22,1,"AD","A","D",0.0935,0.00723088613419643,0.115192658402589,78,"Lab",NA,NA,NA,NA,NA,NA,NA,NA,NA,NA,NA,NA,-0.0245,-0.00750000000000001,-0.0165,-0.01675,-0.01875,-0.00575000000000001,-0.01375,1,"21Lab","A"
"167",167,21,1,"G",0.066,0.067,0.076,0.084,"2018-05-22",36,1,"F","High","2018-02-18","PC",17,3,4,22,1,"AD","A","D",0.0935,0.00723088613419643,0.115192658402589,93,"Lab",NA,NA,NA,NA,NA,NA,NA,NA,NA,NA,NA,NA,-0.0275,-0.0265,-0.0175,-0.01725,-0.01725,-0.00825000000000001,-0.01425,1,"21Lab","A"
"168",168,21,1,"H",1.028,0.699,0.436,0.096,"2018-06-04",13,1,"M","High","2018-03-07","PC",34,NA,NA,35,14,"AD","A","D",0.0935,0.00723088613419643,0.115192658402589,89,"Lab",NA,NA,NA,NA,NA,NA,NA,NA,NA,NA,NA,NA,0.9345,0.6055,0.3425,0.97775,0.61675,0.35025,0.64825,14,"21Lab","AD"
"169",169,22,1,"A",2.035,1.509,1.058,0.633,NA,NA,NA,NA,NA,NA,NA,NA,NA,NA,NA,NA,NA,NA,NA,0.659375,0.0403057510961968,0.780292253288591,NA,"Lab",NA,NA,NA,NA,NA,NA,NA,NA,NA,NA,NA,NA,1.375625,0.849625,0.398625,1.3736875,0.8261875,0.4006875,0.866854166666667,NA,"22Lab",NA
"170",170,22,1,"B",2.215,1.688,1.318,0.702,NA,NA,NA,NA,NA,NA,NA,NA,NA,NA,NA,NA,NA,NA,NA,0.659375,0.0403057510961968,0.780292253288591,NA,"Lab",NA,NA,NA,NA,NA,NA,NA,NA,NA,NA,NA,NA,1.555625,1.028625,0.658625,1.5531875,0.9886875,0.6261875,1.05602083333333,NA,"22Lab",NA
"171",171,22,1,"C",1.59,1.189,0.977,0.695,"2018-05-14",15,1,"M","High","2018-01-20","SC",26.5,3,4,14,NA,"D","D","",0.659375,0.0403057510961968,0.780292253288591,114,"Lab",NA,NA,NA,NA,NA,NA,NA,NA,NA,NA,NA,NA,0.930625,0.529625,0.317625,0.9186875,0.4891875,0.3166875,0.574854166666667,14,"22Lab","D"
"172",172,22,1,"D",3.03,2.956,2.543,0.68,"2018-06-04",29,1,"F","High","2018-02-21","SC",29,NA,NA,35,14,"DA","D","A",0.659375,0.0403057510961968,0.780292253288591,103,"Lab",NA,NA,NA,NA,NA,NA,NA,NA,NA,NA,NA,NA,2.370625,2.296625,1.883625,2.4096875,2.2216875,1.8921875,2.17452083333333,35,"22Lab","DA"
"173",173,22,1,"E",0.58,0.631,0.581,0.58,"2018-05-14",28,1,"F","High","2018-02-19","PC",15.5,2,3,14,NA,"A","A","",0.659375,0.0403057510961968,0.780292253288591,84,"Lab",NA,NA,NA,NA,NA,NA,NA,NA,NA,NA,NA,NA,-0.0793750000000001,-0.028375,-0.0783750000000001,-0.0743125,-0.0458125,-0.0708125000000001,-0.0636458333333334,NA,"22Lab","A"
"174",174,22,1,"F",1.453,1.102,0.886,0.664,"2018-05-17",16,1,"M","High","2018-01-29","SC",21.5,3,4,17,NA,"D","D","",0.659375,0.0403057510961968,0.780292253288591,108,"Lab",NA,NA,NA,NA,NA,NA,NA,NA,NA,NA,NA,NA,0.793625,0.442625,0.226625,0.7961875,0.4446875,0.2346875,0.491854166666667,17,"22Lab","D"
"175",175,22,1,"G",2.488,1.994,1.598,0.681,"2018-05-24",67,2,"F","High","2018-02-23","ST",29.5,4,5,22,1,"DD","D","D",0.659375,0.0403057510961968,0.780292253288591,90,"Lab",NA,NA,NA,NA,NA,NA,NA,NA,NA,NA,NA,NA,1.828625,1.334625,0.938625,1.8546875,1.3521875,0.9441875,1.3836875,22,"22Lab","D"
"176",176,22,1,"H",0.66,0.644,0.675,0.64,NA,NA,NA,NA,NA,NA,NA,NA,NA,NA,NA,NA,NA,NA,NA,0.659375,0.0403057510961968,0.780292253288591,NA,"Lab",NA,NA,NA,NA,NA,NA,NA,NA,NA,NA,NA,NA,0.000624999999999987,-0.015375,0.015625,0.00818750000000001,0.0116875,0.0256875,0.0151875,NA,"22Lab",NA
"177",177,23,1,"A",2.156,1.575,1.056,0.41,NA,NA,NA,NA,NA,NA,NA,NA,NA,NA,NA,NA,NA,NA,NA,0.4355,0.13659428977816,0.845282869334481,NA,"Lab",NA,NA,NA,NA,NA,NA,NA,NA,NA,NA,NA,NA,1.7205,1.1395,0.6205,1.6716875,1.0636875,0.6376875,1.12435416666667,NA,"23Lab",NA
"178",178,23,1,"B",1.934,1.444,1.044,0.752,NA,NA,NA,NA,NA,NA,NA,NA,NA,NA,NA,NA,NA,NA,NA,0.4355,0.13659428977816,0.845282869334481,NA,"Lab",NA,NA,NA,NA,NA,NA,NA,NA,NA,NA,NA,NA,1.4985,1.0085,0.6085,1.4951875,1.0086875,0.6236875,1.04252083333333,NA,"23Lab",NA
"179",179,23,1,"C",2.086,1.694,1.164,0.415,"2018-06-06",66,2,"F","High","2018-02-23","PC",22.5,NA,NA,35,14,"AD","A","D",0.4355,0.13659428977816,0.845282869334481,103,"Lab",NA,NA,NA,NA,NA,NA,NA,NA,NA,NA,NA,NA,1.6505,1.2585,0.7285,1.6591875,1.2251875,0.7356875,1.2066875,14,"23Lab","AD"
"180",180,23,1,"D",2.744,2.223,1.542,0.353,"2018-05-17",19,1,"F","Low","2018-01-20","SC",18.5,3,3,17,NA,"D","D","",0.4355,0.13659428977816,0.845282869334481,117,"Lab",NA,NA,NA,NA,NA,NA,NA,NA,NA,NA,NA,NA,2.3085,1.7875,1.1065,2.2721875,1.7391875,1.1891875,1.73352083333333,17,"23Lab","D"
"181",181,23,1,"E",3.31,3.124,2.817,0.314,"2018-05-22",20,1,"F","Low","2018-01-19","ST",17,3,4,22,1,"DD","D","D",0.4355,0.13659428977816,0.845282869334481,123,"Lab",NA,NA,NA,NA,NA,NA,NA,NA,NA,NA,NA,NA,2.8745,2.6885,2.3815,2.8456875,2.6841875,2.3801875,2.6366875,22,"23Lab","D"
"182",182,23,1,"F",0.371,0.323,0.343,0.349,"2018-05-24",54,2,"M","High","2018-01-21","PC",37,4,5,22,1,"AD","A","D",0.4355,0.13659428977816,0.845282869334481,123,"Lab",NA,NA,NA,NA,NA,NA,NA,NA,NA,NA,NA,NA,-0.0645,-0.1125,-0.0925,-0.0543125,-0.0908125,-0.0658125,-0.0703125,1,"23Lab","A"
"183",183,23,1,"G",2.116,1.618,1.215,0.438,"2018-05-14",10,1,"M","High","2018-02-19","SC",19.5,3,3,14,NA,"D","D","",0.4355,0.13659428977816,0.845282869334481,84,"Lab",NA,NA,NA,NA,NA,NA,NA,NA,NA,NA,NA,NA,1.6805,1.1825,0.7795,1.6916875,1.2186875,0.7921875,1.2341875,14,"23Lab","D"
"184",184,23,1,"H",3.682,3.587,3.288,0.453,"2018-06-04",20,1,"F","Low","2018-01-19","ST",17.5,NA,NA,35,14,"DD","D","D",0.4355,0.13659428977816,0.845282869334481,136,"Lab",NA,NA,NA,NA,NA,NA,NA,NA,NA,NA,NA,NA,3.2465,3.1515,2.8525,3.1281875,3.0336875,2.7671875,2.97635416666667,35,"23Lab","DD"
"185",185,24,1,"A",1.914,1.418,0.869,0.515,NA,NA,NA,NA,NA,NA,NA,NA,NA,NA,NA,NA,NA,NA,NA,0.5945,0.209919712543357,1.22425913763007,NA,"Lab",NA,NA,NA,NA,NA,NA,NA,NA,NA,NA,NA,NA,1.3195,0.8235,0.2745,1.37375,0.80625,0.27625,0.81875,NA,"24Lab",NA
"186",186,24,1,"B",2.109,1.561,1.095,1.1,NA,NA,NA,NA,NA,NA,NA,NA,NA,NA,NA,NA,NA,NA,NA,0.5945,0.209919712543357,1.22425913763007,NA,"Lab",NA,NA,NA,NA,NA,NA,NA,NA,NA,NA,NA,NA,1.5145,0.9665,0.5005,1.51975,0.95875,0.49175,0.990083333333333,NA,"24Lab",NA
"187",187,24,1,"C",0.437,0.404,0.383,0.491,"2018-05-16",49,2,"M","High","2018-02-27","PC",21.5,3,4,14,NA,"A","A","",0.5945,0.209919712543357,1.22425913763007,78,"Lab",NA,NA,NA,NA,NA,NA,NA,NA,NA,NA,NA,NA,-0.1575,-0.1905,-0.2115,-0.13925,-0.18575,-0.20575,-0.176916666666667,NA,"24Lab","A"
"188",188,24,1,"D",3.251,3.124,3.015,0.465,"2018-06-06",67,2,"F","High","2018-02-23","ST",32.5,NA,NA,35,14,"DD","D","D",0.5945,0.209919712543357,1.22425913763007,103,"Lab",NA,NA,NA,NA,NA,NA,NA,NA,NA,NA,NA,NA,2.6565,2.5295,2.4205,2.70375,2.50425,2.37475,2.52758333333333,35,"24Lab","DD"
"189",189,24,1,"E",3.188,2.925,2.718,0.469,"2018-05-17",20,1,"F","Low","2018-01-19","ST",17,3,3,17,NA,"D","D","",0.5945,0.209919712543357,1.22425913763007,118,"Lab",NA,NA,NA,NA,NA,NA,NA,NA,NA,NA,NA,NA,2.5935,2.3305,2.1235,2.63225,2.40425,2.16375,2.40008333333333,17,"24Lab","D"
"190",190,24,1,"F",1.774,1.347,1.108,0.558,"2018-05-16",68,2,"F","High","2018-02-23","SC",19.5,3,4,14,NA,"D","D","",0.5945,0.209919712543357,1.22425913763007,82,"Lab",NA,NA,NA,NA,NA,NA,NA,NA,NA,NA,NA,NA,1.1795,0.7525,0.5135,1.20125,0.74525,0.49425,0.813583333333333,14,"24Lab","D"
"191",191,24,1,"G",2.03,1.523,1.17,0.607,"2018-05-17",32,1,"F","High","2018-01-29","SC",23,3,4,17,NA,"D","D","",0.5945,0.209919712543357,1.22425913763007,108,"Lab",NA,NA,NA,NA,NA,NA,NA,NA,NA,NA,NA,NA,1.4355,0.9285,0.5755,1.46625,0.95075,0.60125,1.00608333333333,17,"24Lab","D"
"192",192,24,1,"H",3.024,2.599,2.861,0.551,"2018-05-22",19,1,"F","Low","2018-01-20","SC",18.5,4,3,22,1,"DA","D","A",0.5945,0.209919712543357,1.22425913763007,122,"Lab",NA,NA,NA,NA,NA,NA,NA,NA,NA,NA,NA,NA,2.4295,2.0045,2.2665,2.55775,2.03525,2.23975,2.27758333333333,22,"24Lab","D"
"193",193,25,1,"A",1.625,1.062,0.597,0.105,NA,NA,NA,NA,NA,NA,NA,NA,NA,NA,NA,NA,NA,NA,NA,0.10875,0.0148010617379777,0.153153185213933,NA,"Lab",NA,NA,NA,NA,NA,NA,NA,NA,NA,NA,NA,NA,1.51625,0.95325,0.48825,1.49275,0.97275,0.50975,0.99175,NA,"25Lab",NA
"194",194,25,1,"B",1.589,1.015,0.594,0.101,NA,NA,NA,NA,NA,NA,NA,NA,NA,NA,NA,NA,NA,NA,NA,0.10875,0.0148010617379777,0.153153185213933,NA,"Lab",NA,NA,NA,NA,NA,NA,NA,NA,NA,NA,NA,NA,1.48025,0.90625,0.48525,1.46775,0.92725,0.49925,0.96475,NA,"25Lab",NA
"195",195,25,1,"C",1.77,1.237,0.79,0.105,"2018-05-17",35,1,"F","High","2018-02-18","ST",16.5,3,3,17,NA,"D","D","",0.10875,0.0148010617379777,0.153153185213933,88,"Lab",NA,NA,NA,NA,NA,NA,NA,NA,NA,NA,NA,NA,1.66125,1.12825,0.68125,1.67725,1.16825,0.70325,1.18291666666667,17,"25Lab","D"
"196",196,25,1,"D",0.435,0.291,0.196,0.095,"2018-05-14",17,1,"M","High","2018-01-29","ST",30,4.5,5,14,NA,"D","D","",0.10875,0.0148010617379777,0.153153185213933,105,"Lab",NA,NA,NA,NA,NA,NA,NA,NA,NA,NA,NA,NA,0.32625,0.18225,0.08725,0.31475,0.20475,0.08325,0.200916666666667,14,"25Lab","D"
"197",197,25,1,"E",1.732,1.163,0.757,0.093,"2018-06-04",8,1,"M","Low","2018-01-20","PC",23,NA,NA,35,14,"AD","A","D",0.10875,0.0148010617379777,0.153153185213933,135,"Lab",NA,NA,NA,NA,NA,NA,NA,NA,NA,NA,NA,NA,1.62325,1.05425,0.64825,1.68725,1.11725,0.67275,1.15908333333333,14,"25Lab","AD"
"198",198,25,1,"F",1.504,0.992,0.586,0.134,"2018-06-04",16,1,"M","High","2018-01-29","SC",23.5,NA,NA,35,14,"DA","D","A",0.10875,0.0148010617379777,0.153153185213933,126,"Lab",NA,NA,NA,NA,NA,NA,NA,NA,NA,NA,NA,NA,1.39525,0.88325,0.47725,1.40025,0.86775,0.49675,0.921583333333333,35,"25Lab","DA"
"199",199,25,1,"G",3.055,2.743,2.576,0.109,"2018-06-06",63,2,"F","Low","2018-03-07","ST",17,NA,NA,35,14,"DD","D","D",0.10875,0.0148010617379777,0.153153185213933,91,"Lab",NA,NA,NA,NA,NA,NA,NA,NA,NA,NA,NA,NA,2.94625,2.63425,2.46725,2.91225,2.65775,2.50375,2.69125,35,"25Lab","DD"
"200",200,25,1,"H",1.77,1.331,0.896,0.128,"2018-05-16",63,2,"F","Low","2018-03-07","ST",14,3,4,14,NA,"D","D","",0.10875,0.0148010617379777,0.153153185213933,70,"Lab",NA,NA,NA,NA,NA,NA,NA,NA,NA,NA,NA,NA,1.66125,1.22225,0.78725,1.67275,1.19575,0.80975,1.22608333333333,14,"25Lab","D"
"201",201,26,1,"A",1.616,1.068,0.628,0.124,NA,NA,NA,NA,NA,NA,NA,NA,NA,NA,NA,NA,NA,NA,NA,0.125125,0.0268351448663874,0.205630434599162,NA,"Lab",NA,NA,NA,NA,NA,NA,NA,NA,NA,NA,NA,NA,1.490875,0.942875,0.502875,1.4955625,0.9555625,0.5225625,0.991229166666667,NA,"26Lab",NA
"202",202,26,1,"B",1.682,1.102,0.695,0.113,NA,NA,NA,NA,NA,NA,NA,NA,NA,NA,NA,NA,NA,NA,NA,0.125125,0.0268351448663874,0.205630434599162,NA,"Lab",NA,NA,NA,NA,NA,NA,NA,NA,NA,NA,NA,NA,1.556875,0.976875,0.569875,1.5805625,0.9870625,0.5720625,1.0465625,NA,"26Lab",NA
"203",203,26,1,"C",2.477,2.045,1.542,0.114,"2018-06-04",26,1,"F","Low","2018-02-19","ST",17.5,NA,NA,35,14,"DD","D","D",0.125125,0.0268351448663874,0.205630434599162,105,"Lab",NA,NA,NA,NA,NA,NA,NA,NA,NA,NA,NA,NA,2.351875,1.919875,1.416875,2.3975625,1.9465625,1.4435625,1.92922916666667,35,"26Lab","DD"
"204",204,26,1,"D",0.689,0.397,0.236,0.102,"2018-05-19",71,2,"F","High","2018-02-18","PC",19.5,3,4,17,NA,"A","A","",0.125125,0.0268351448663874,0.205630434599162,90,"Lab",NA,NA,NA,NA,NA,NA,NA,NA,NA,NA,NA,NA,0.563875,0.271875,0.110875,0.5450625,0.2575625,0.1075625,0.303395833333333,NA,"26Lab","A"
"205",205,26,1,"E",0.319,2.307,1.665,0.103,"2018-05-19",41,2,"M","Low","2018-01-19","ST",25.5,4,4,17,NA,"D","D","",0.125125,0.0268351448663874,0.205630434599162,120,"Lab",NA,NA,NA,NA,NA,NA,NA,NA,NA,NA,NA,NA,0.193875,2.181875,1.539875,0.1875625,2.1480625,1.5685625,1.30139583333333,17,"26Lab","D"
"206",206,26,1,"F",2.638,2.146,1.673,0.129,"2018-05-24",58,2,"F","Low","2018-02-18","SC",16,3,4,22,1,"DA","D","A",0.125125,0.0268351448663874,0.205630434599162,95,"Lab",NA,NA,NA,NA,NA,NA,NA,NA,NA,NA,NA,NA,2.512875,2.020875,1.547875,2.5175625,2.0580625,1.5635625,2.04639583333333,22,"26Lab","D"
"207",207,26,1,"G",2.118,1.606,1.144,0.13,"2018-05-16",61,2,"F","Low","2018-02-18","SC",17,3,4,14,NA,"D","D","",0.125125,0.0268351448663874,0.205630434599162,87,"Lab",NA,NA,NA,NA,NA,NA,NA,NA,NA,NA,NA,NA,1.992875,1.480875,1.018875,1.9875625,1.5045625,1.0400625,1.51072916666667,14,"26Lab","D"
"208",208,26,1,"H",2.415,1.796,1.241,0.186,"2018-05-19",40,2,"M","Low","2018-02-19","SC",23,4,4,17,NA,"D","D","",0.125125,0.0268351448663874,0.205630434599162,89,"Lab",NA,NA,NA,NA,NA,NA,NA,NA,NA,NA,NA,NA,2.289875,1.670875,1.115875,2.3075625,1.7235625,1.1460625,1.72572916666667,17,"26Lab","D"
"209",209,27,1,"A",1.219,0.807,0.468,0.14,NA,NA,NA,NA,NA,NA,NA,NA,NA,NA,NA,NA,NA,NA,NA,0.10875,0.0158091293697209,0.156177388109163,NA,"Lab",NA,NA,NA,NA,NA,NA,NA,NA,NA,NA,NA,NA,1.11025,0.69825,0.35925,1.121875,0.698875,0.368875,0.729875,NA,"27Lab",NA
"210",210,27,1,"B",1.073,0.866,0.525,0.104,NA,NA,NA,NA,NA,NA,NA,NA,NA,NA,NA,NA,NA,NA,NA,0.10875,0.0158091293697209,0.156177388109163,NA,"Lab",NA,NA,NA,NA,NA,NA,NA,NA,NA,NA,NA,NA,0.96425,0.75725,0.41625,0.976375,0.769375,0.421375,0.722375,NA,"27Lab",NA
"211",211,27,1,"C",2.617,2.477,2.268,0.119,"2018-06-04",30,1,"F","High","2018-02-21","ST",18,NA,NA,35,14,"DD","D","D",0.10875,0.0158091293697209,0.156177388109163,103,"Lab",NA,NA,NA,NA,NA,NA,NA,NA,NA,NA,NA,NA,2.50825,2.36825,2.15925,2.558375,2.360375,2.151875,2.356875,35,"27Lab","DD"
"212",212,27,1,"D",2.058,1.846,1.355,0.114,"2018-06-04",28,1,"F","High","2018-02-19","PC",16.5,NA,NA,35,14,"AD","A","D",0.10875,0.0158091293697209,0.156177388109163,105,"Lab",NA,NA,NA,NA,NA,NA,NA,NA,NA,NA,NA,NA,1.94925,1.73725,1.24625,1.993375,1.716375,1.250375,1.653375,14,"27Lab","AD"
"213",213,27,1,"E",1.754,1.277,0.838,0.09,"2018-06-04",32,1,"F","High","2018-01-29","SC",26.5,NA,NA,35,14,"DA","D","A",0.10875,0.0158091293697209,0.156177388109163,126,"Lab",NA,NA,NA,NA,NA,NA,NA,NA,NA,NA,NA,NA,1.64525,1.16825,0.72925,1.657375,1.157875,0.736875,1.18404166666667,35,"27Lab","DA"
"214",214,27,1,"F",0.066,0.086,0.066,0.102,"2018-05-14",4,1,"M","Low","2018-02-18","PC",23.5,3,4,14,NA,"A","A","",0.10875,0.0158091293697209,0.156177388109163,85,"Lab",NA,NA,NA,NA,NA,NA,NA,NA,NA,NA,NA,NA,-0.04275,-0.02275,-0.04275,-0.030625,-0.023125,-0.031625,-0.0284583333333333,NA,"27Lab","A"
"215",215,27,1,"G",0.888,0.537,0.355,0.107,"2018-05-14",2,1,"M","Low","2018-01-20","ST",21.5,3,4,14,NA,"D","D","",0.10875,0.0158091293697209,0.156177388109163,114,"Lab",NA,NA,NA,NA,NA,NA,NA,NA,NA,NA,NA,NA,0.77925,0.42825,0.24625,0.798875,0.439375,0.253875,0.497375,14,"27Lab","D"
"216",216,27,1,"H",2.567,2.239,1.726,0.094,"2018-06-04",5,1,"M","Low","2018-02-18","ST",28.5,NA,NA,35,14,"DD","D","D",0.10875,0.0158091293697209,0.156177388109163,106,"Lab",NA,NA,NA,NA,NA,NA,NA,NA,NA,NA,NA,NA,2.45825,2.13025,1.61725,2.488375,2.126875,1.638875,2.08470833333333,35,"27Lab","DD"
"217",217,28,1,"A",1.275,0.837,0.496,0.123,NA,NA,NA,NA,NA,NA,NA,NA,NA,NA,NA,NA,NA,NA,NA,0.11625,0.014547950272903,0.159893850818709,NA,"Lab",NA,NA,NA,NA,NA,NA,NA,NA,NA,NA,NA,NA,1.15875,0.72075,0.37975,1.189,0.7325,0.4035,0.775,NA,"28Lab",NA
"218",218,28,1,"B",1.254,0.813,0.491,0.091,NA,NA,NA,NA,NA,NA,NA,NA,NA,NA,NA,NA,NA,NA,NA,0.11625,0.014547950272903,0.159893850818709,NA,"Lab",NA,NA,NA,NA,NA,NA,NA,NA,NA,NA,NA,NA,1.13775,0.69675,0.37475,1.1655,0.7105,0.3965,0.7575,NA,"28Lab",NA
"219",219,28,1,"C",1.641,1.184,0.77,0.121,"2018-06-06",45,2,"M","Low","2018-03-07","PC",21.5,NA,NA,35,14,"AD","A","D",0.11625,0.014547950272903,0.159893850818709,91,"Lab",NA,NA,NA,NA,NA,NA,NA,NA,NA,NA,NA,NA,1.52475,1.06775,0.65375,1.5705,1.088,0.6745,1.111,14,"28Lab","AD"
"220",220,28,1,"D",1.255,0.842,0.543,0.114,"2018-05-16",43,2,"M","Low","2018-01-19","SC",21.5,4,4,14,NA,"D","D","",0.11625,0.014547950272903,0.159893850818709,117,"Lab",NA,NA,NA,NA,NA,NA,NA,NA,NA,NA,NA,NA,1.13875,0.72575,0.42675,1.158,0.7495,0.436,0.781166666666667,14,"28Lab","D"
"221",221,28,1,"E",0.062,0.068,0.069,0.099,"2018-05-16",66,2,"F","High","2018-02-23","PC",23,4,4,14,NA,"A","A","",0.11625,0.014547950272903,0.159893850818709,82,"Lab",NA,NA,NA,NA,NA,NA,NA,NA,NA,NA,NA,NA,-0.05425,-0.04825,-0.04725,-0.0265,-0.022,-0.0295,-0.026,NA,"28Lab","A"
"222",222,28,1,"F",1.861,1.614,1.162,0.132,"2018-05-17",10,1,"M","High","2018-02-19","SC",19.5,3,3,17,NA,"D","D","",0.11625,0.014547950272903,0.159893850818709,87,"Lab",NA,NA,NA,NA,NA,NA,NA,NA,NA,NA,NA,NA,1.74475,1.49775,1.04575,1.7915,1.511,1.063,1.45516666666667,17,"28Lab","D"
"223",223,28,1,"G",1.353,0.927,0.623,0.119,"2018-05-17",15,1,"M","High","2018-01-20","SC",26.5,3,4,17,NA,"D","D","",0.11625,0.014547950272903,0.159893850818709,117,"Lab",NA,NA,NA,NA,NA,NA,NA,NA,NA,NA,NA,NA,1.23675,0.81075,0.50675,1.278,0.858,0.5255,0.887166666666667,17,"28Lab","D"
"224",224,28,1,"H",1.623,1.18,0.775,0.131,"2018-05-22",9,1,"M","Low",NA,"ST",22,3,4,22,1,"DD","D","D",0.11625,0.014547950272903,0.159893850818709,NA,"Lab",NA,NA,NA,NA,NA,NA,NA,NA,NA,NA,NA,NA,1.50675,1.06375,0.65875,1.5565,1.0765,0.6735,1.10216666666667,22,"28Lab","D"
"225",225,29,1,"A",1.876,1.277,0.755,0.104,NA,NA,NA,NA,NA,NA,NA,NA,NA,NA,NA,NA,NA,NA,NA,0.110375,0.0282182185324102,0.195029655597231,NA,"Lab",NA,NA,NA,NA,NA,NA,NA,NA,NA,NA,NA,NA,1.765625,1.166625,0.644625,1.792875,1.164375,0.687375,1.214875,NA,"29Lab",NA
"226",226,29,1,"B",1.599,1.128,0.701,0.087,NA,NA,NA,NA,NA,NA,NA,NA,NA,NA,NA,NA,NA,NA,NA,0.110375,0.0282182185324102,0.195029655597231,NA,"Lab",NA,NA,NA,NA,NA,NA,NA,NA,NA,NA,NA,NA,1.488625,1.017625,0.590625,1.506375,1.031875,0.616375,1.05154166666667,NA,"29Lab",NA
"227",227,29,1,"C",0.869,0.557,0.355,0.094,"2018-05-16",39,2,"M","Low","2018-02-19","SC",28.5,3,5,14,NA,"D","D","",0.110375,0.0282182185324102,0.195029655597231,86,"Lab",NA,NA,NA,NA,NA,NA,NA,NA,NA,NA,NA,NA,0.758625,0.446625,0.244625,0.786375,0.459875,0.257875,0.501375,14,"29Lab","D"
"228",228,29,1,"D",2.566,2.145,1.708,0.092,"2018-06-06",61,2,"F","Low","2018-02-18","SC",17.5,NA,NA,35,14,"DA","D","A",0.110375,0.0282182185324102,0.195029655597231,108,"Lab",NA,NA,NA,NA,NA,NA,NA,NA,NA,NA,NA,NA,2.455625,2.034625,1.597625,2.491875,2.068375,1.629875,2.063375,35,"29Lab","DA"
"229",229,29,1,"E",0.066,0.075,0.077,0.095,"2018-05-14",13,1,"M","High","2018-03-07","PC",31.5,4,5,14,NA,"A","A","",0.110375,0.0282182185324102,0.195029655597231,68,"Lab",NA,NA,NA,NA,NA,NA,NA,NA,NA,NA,NA,NA,-0.044375,-0.035375,-0.033375,-0.033125,-0.027125,-0.024125,-0.028125,NA,"29Lab","A"
"230",230,29,1,"F",1.911,1.423,0.943,0.164,"2018-05-24",47,2,"M","High","2018-03-07","SC",23.5,3,5,22,1,"DA","D","A",0.110375,0.0282182185324102,0.195029655597231,78,"Lab",NA,NA,NA,NA,NA,NA,NA,NA,NA,NA,NA,NA,1.800625,1.312625,0.832625,1.895375,1.376375,0.886375,1.38604166666667,22,"29Lab","D"
"231",231,29,1,"G",0.064,0.076,0.077,0.102,"2018-05-16",71,2,"F","High","2018-02-18","PC",19.5,3,4,14,NA,"A","A","",0.110375,0.0282182185324102,0.195029655597231,87,"Lab",NA,NA,NA,NA,NA,NA,NA,NA,NA,NA,NA,NA,-0.046375,-0.034375,-0.033375,-0.037625,-0.024625,-0.023125,-0.0284583333333333,NA,"29Lab","A"
"232",232,29,1,"H",1.31,0.946,0.59,0.145,"2018-05-16",67,2,"F","High","2018-02-23","ST",26,4,5,14,NA,"D","D","",0.110375,0.0282182185324102,0.195029655597231,82,"Lab",NA,NA,NA,NA,NA,NA,NA,NA,NA,NA,NA,NA,1.199625,0.835625,0.479625,1.248375,0.846375,0.509375,0.868041666666667,14,"29Lab","D"
"233",233,30,1,"A",1.276,0.964,0.59,0.127,NA,NA,NA,NA,NA,NA,NA,NA,NA,NA,NA,NA,NA,NA,NA,0.090375,0.0183765184017928,0.145504555205378,NA,"Lab",NA,NA,NA,NA,NA,NA,NA,NA,NA,NA,NA,NA,1.185625,0.873625,0.499625,1.1995,0.8845,0.503,0.862333333333333,NA,"30Lab",NA
"234",234,30,1,"B",1.481,0.986,0.6,0.094,NA,NA,NA,NA,NA,NA,NA,NA,NA,NA,NA,NA,NA,NA,NA,0.090375,0.0183765184017928,0.145504555205378,NA,"Lab",NA,NA,NA,NA,NA,NA,NA,NA,NA,NA,NA,NA,1.390625,0.895625,0.509625,1.382,0.895,0.5165,0.931166666666667,NA,"30Lab",NA
"235",235,30,1,"C",2.654,2.223,1.834,0.103,"2018-05-24",40,2,"M","Low","2018-02-19","SC",22.5,3,4,22,1,"DA","D","A",0.090375,0.0183765184017928,0.145504555205378,94,"Lab",NA,NA,NA,NA,NA,NA,NA,NA,NA,NA,NA,NA,2.563625,2.132625,1.743625,2.582,2.1735,1.7335,2.163,22,"30Lab","D"
"236",236,30,1,"D",1.358,0.882,0.53,0.088,"2018-05-16",48,2,"M","High","2018-02-27","ST",23,3,4,14,NA,"D","D","",0.090375,0.0183765184017928,0.145504555205378,78,"Lab",NA,NA,NA,NA,NA,NA,NA,NA,NA,NA,NA,NA,1.267625,0.791625,0.439625,1.288,0.804,0.4325,0.8415,14,"30Lab","D"
"237",237,30,1,"E",0.062,0.07,0.068,0.072,"2018-05-19",56,2,"F","Low","2018-02-24","PC",15,3,4,17,NA,"A","A","",0.090375,0.0183765184017928,0.145504555205378,84,"Lab",NA,NA,NA,NA,NA,NA,NA,NA,NA,NA,NA,NA,-0.028375,-0.020375,-0.022375,-0.0095,-0.000499999999999994,-0.0085,-0.00616666666666666,NA,"30Lab","A"
"238",238,30,1,"F",1.824,1.266,0.808,0.089,"2018-05-22",6,1,"M","Low","2018-03-07","SC",26,4,4,22,1,"DA","D","A",0.090375,0.0183765184017928,0.145504555205378,76,"Lab",NA,NA,NA,NA,NA,NA,NA,NA,NA,NA,NA,NA,1.733625,1.175625,0.717625,1.7385,1.172,0.7235,1.21133333333333,22,"30Lab","D"
"239",239,30,1,"G",2.539,2.033,1.633,0.071,"2018-05-24",64,2,"F","High","2018-03-07","SC",19,3,4,22,1,"DA","D","A",0.090375,0.0183765184017928,0.145504555205378,78,"Lab",NA,NA,NA,NA,NA,NA,NA,NA,NA,NA,NA,NA,2.448625,1.942625,1.542625,2.4675,1.9565,1.563,1.99566666666667,22,"30Lab","D"
"240",240,30,1,"H",0.073,0.088,0.074,0.079,NA,NA,NA,NA,NA,NA,NA,NA,NA,NA,NA,NA,NA,NA,NA,0.090375,0.0183765184017928,0.145504555205378,NA,"Lab",NA,NA,NA,NA,NA,NA,NA,NA,NA,NA,NA,NA,-0.017375,-0.002375,-0.016375,-5e-04,0.0075,5e-04,0.0025,NA,"30Lab",NA
"241",241,31,1,"A",1.257,0.822,0.455,0.117,NA,NA,NA,NA,NA,NA,NA,NA,NA,NA,NA,NA,NA,NA,NA,0.09675,0.0265370361139726,0.176361108341918,NA,"Lab",NA,NA,NA,NA,NA,NA,NA,NA,NA,NA,NA,NA,1.16025,0.72525,0.35825,1.211,0.7295,0.383,0.7745,NA,"31Lab",NA
"242",242,31,1,"B",1.387,0.865,0.571,0.151,NA,NA,NA,NA,NA,NA,NA,NA,NA,NA,NA,NA,NA,NA,NA,0.09675,0.0265370361139726,0.176361108341918,NA,"Lab",NA,NA,NA,NA,NA,NA,NA,NA,NA,NA,NA,NA,1.29025,0.76825,0.47425,1.2895,0.7725,0.492,0.851333333333333,NA,"31Lab",NA
"243",243,31,1,"C",1.504,1.088,0.691,0.105,"2018-05-16",40,2,"M","Low","2018-02-19","SC",23,4,4,14,NA,"D","D","",0.09675,0.0265370361139726,0.176361108341918,86,"Lab",NA,NA,NA,NA,NA,NA,NA,NA,NA,NA,NA,NA,1.40725,0.99125,0.59425,1.43,1.0095,0.627,1.02216666666667,14,"31Lab","D"
"244",244,31,1,"D",0.08,0.077,0.08,0.08,"2018-05-24",71,2,"F","High","2018-02-18","PC",19.5,3,4,22,1,"AD","A","D",0.09675,0.0265370361139726,0.176361108341918,95,"Lab",NA,NA,NA,NA,NA,NA,NA,NA,NA,NA,NA,NA,-0.01675,-0.01975,-0.01675,-0.02,-0.017,-0.0145,-0.0171666666666667,1,"31Lab","A"
"245",245,31,1,"E",1.873,1.466,1.079,0.073,"2018-05-24",72,2,"F","High","2018-02-18","SC",28,4,5,22,1,"DA","D","A",0.09675,0.0265370361139726,0.176361108341918,95,"Lab",NA,NA,NA,NA,NA,NA,NA,NA,NA,NA,NA,NA,1.77625,1.36925,0.98225,1.804,1.406,0.9905,1.40016666666667,22,"31Lab","D"
"246",246,31,1,"F",2.603,2.298,1.92,0.087,"2018-06-04",10,1,"M","High","2018-02-19","SC",23.5,NA,NA,35,14,"DA","D","A",0.09675,0.0265370361139726,0.176361108341918,105,"Lab",NA,NA,NA,NA,NA,NA,NA,NA,NA,NA,NA,NA,2.50625,2.20125,1.82325,2.5565,2.2195,1.8585,2.2115,35,"31Lab","DA"
"247",247,31,1,"G",1.264,0.873,0.542,0.076,"2018-05-16",64,2,"F","High","2018-03-07","SC",NA,3,4,14,NA,"D","D","",0.09675,0.0265370361139726,0.176361108341918,70,"Lab",NA,NA,NA,NA,NA,NA,NA,NA,NA,NA,NA,NA,1.16725,0.77625,0.44525,1.2095,0.803,0.4655,0.826,14,"31Lab","D"
"248",248,31,1,"H",2.445,2.2,1.798,0.085,"2018-05-24",43,2,"M","Low","2018-01-19","SC",21.5,3,4,22,1,"DA","D","A",0.09675,0.0265370361139726,0.176361108341918,125,"Lab",NA,NA,NA,NA,NA,NA,NA,NA,NA,NA,NA,NA,2.34825,2.10325,1.70125,2.38,2.079,1.72,2.05966666666667,22,"31Lab","D"
"249",249,32,1,"A",1.403,0.952,0.591,0.126,NA,NA,NA,NA,NA,NA,NA,NA,NA,NA,NA,NA,NA,NA,NA,0.11925,0.0176857489037279,0.172307246711184,NA,"Lab",NA,NA,NA,NA,NA,NA,NA,NA,NA,NA,NA,NA,1.28375,0.83275,0.47175,1.296875,0.853875,0.478875,0.876541666666667,NA,"32Lab",NA
"250",250,32,1,"B",1.406,0.903,0.546,0.101,NA,NA,NA,NA,NA,NA,NA,NA,NA,NA,NA,NA,NA,NA,NA,0.11925,0.0176857489037279,0.172307246711184,NA,"Lab",NA,NA,NA,NA,NA,NA,NA,NA,NA,NA,NA,NA,1.28675,0.78375,0.42675,1.250875,0.783875,0.426375,0.820375,NA,"32Lab",NA
"251",251,32,1,"C",0.077,0.092,0.082,0.109,"2018-05-17",31,1,"F","High","2018-01-20","PC",16,3,3,17,NA,"A","A","",0.11925,0.0176857489037279,0.172307246711184,117,"Lab",NA,NA,NA,NA,NA,NA,NA,NA,NA,NA,NA,NA,-0.04225,-0.02725,-0.03725,-0.027625,-0.019625,-0.024125,-0.0237916666666667,NA,"32Lab","A"
"252",252,32,1,"D",1.093,0.712,0.429,0.108,"2018-05-14",5,1,"M","Low","2018-02-18","ST",24.5,4,4,14,NA,"D","D","",0.11925,0.0176857489037279,0.172307246711184,85,"Lab",NA,NA,NA,NA,NA,NA,NA,NA,NA,NA,NA,NA,0.97375,0.59275,0.30975,0.979375,0.601375,0.315375,0.632041666666667,14,"32Lab","D"
"253",253,32,1,"E",3.016,2.85,2.785,0.105,"2018-06-06",59,2,"F","Low","2018-02-18","ST",18.5,NA,NA,35,14,"DD","D","D",0.11925,0.0176857489037279,0.172307246711184,108,"Lab",NA,NA,NA,NA,NA,NA,NA,NA,NA,NA,NA,NA,2.89675,2.73075,2.66575,2.863875,2.748875,2.666875,2.759875,35,"32Lab","DD"
"254",254,32,1,"F",2.423,2.039,1.499,0.141,"2018-05-22",10,1,"M","High","2018-02-19","SC",21,4,5,22,1,"DA","D","A",0.11925,0.0176857489037279,0.172307246711184,92,"Lab",NA,NA,NA,NA,NA,NA,NA,NA,NA,NA,NA,NA,2.30375,1.91975,1.37975,2.338875,1.896375,1.397375,1.87754166666667,22,"32Lab","D"
"255",255,32,1,"G",2.14,1.605,1.139,0.115,"2018-05-19",38,2,"M","Low","2018-02-19","ST",26,3,5,17,NA,"D","D","",0.11925,0.0176857489037279,0.172307246711184,89,"Lab",NA,NA,NA,NA,NA,NA,NA,NA,NA,NA,NA,NA,2.02075,1.48575,1.01975,2.039375,1.525875,1.041875,1.53570833333333,17,"32Lab","D"
"256",256,32,1,"H",1.374,0.885,0.53,0.149,"2018-05-19",48,2,"M","High","2018-02-27","ST",23,3,4,17,NA,"D","D","",0.11925,0.0176857489037279,0.172307246711184,81,"Lab",NA,NA,NA,NA,NA,NA,NA,NA,NA,NA,NA,NA,1.25475,0.76575,0.41075,1.277875,0.780875,0.428375,0.829041666666667,17,"32Lab","D"
"257",257,33,1,"A",1.451,0.952,0.569,0.188,NA,NA,NA,NA,NA,NA,NA,NA,NA,NA,NA,NA,NA,NA,NA,0.10625,0.0346564774403203,0.210219432320961,NA,"Lab",NA,NA,NA,NA,NA,NA,NA,NA,NA,NA,NA,NA,1.34475,0.84575,0.46275,1.36725,0.85275,0.46925,0.896416666666667,NA,"33Lab",NA
"258",258,33,1,"B",1.649,1.066,0.687,0.091,NA,NA,NA,NA,NA,NA,NA,NA,NA,NA,NA,NA,NA,NA,NA,0.10625,0.0346564774403203,0.210219432320961,NA,"Lab",NA,NA,NA,NA,NA,NA,NA,NA,NA,NA,NA,NA,1.54275,0.95975,0.58075,1.53475,0.96325,0.57325,1.02375,NA,"33Lab",NA
"259",259,33,1,"C",3.163,2.819,2.546,0.116,"2018-06-04",12,1,"M","High","2018-02-19","ST",26.5,NA,NA,35,14,"DD","D","D",0.10625,0.0346564774403203,0.210219432320961,105,"Lab",NA,NA,NA,NA,NA,NA,NA,NA,NA,NA,NA,NA,3.05675,2.71275,2.43975,2.98125,2.72525,2.42325,2.70991666666667,35,"33Lab","DD"
"260",260,33,1,"D",2.466,2.019,1.575,0.097,"2018-05-17",27,1,"F","Low","2018-02-19","SC",16.5,3,4,17,NA,"D","D","",0.10625,0.0346564774403203,0.210219432320961,87,"Lab",NA,NA,NA,NA,NA,NA,NA,NA,NA,NA,NA,NA,2.35975,1.91275,1.46875,2.36125,1.97475,1.48075,1.93891666666667,17,"33Lab","D"
"261",261,33,1,"E",0.407,0.228,0.158,0.086,"2018-06-06",49,2,"M","High","2018-02-27","PC",21,NA,NA,35,14,"AD","A","D",0.10625,0.0346564774403203,0.210219432320961,99,"Lab",NA,NA,NA,NA,NA,NA,NA,NA,NA,NA,NA,NA,0.30075,0.12175,0.05175,0.29425,0.13275,0.05425,0.160416666666667,14,"33Lab","AD"
"262",262,33,1,"F",2.955,2.541,2.186,0.095,"2018-06-04",33,1,"F","High","2018-01-29","ST",20,NA,NA,35,14,"DD","D","D",0.10625,0.0346564774403203,0.210219432320961,126,"Lab",NA,NA,NA,NA,NA,NA,NA,NA,NA,NA,NA,NA,2.84875,2.43475,2.07975,2.81475,2.44675,2.09625,2.45258333333333,35,"33Lab","DD"
"263",263,33,1,"G",0.857,0.514,0.323,0.08,"2018-05-14",7,1,"M","Low","2018-03-07","SC",24.5,4,4,14,NA,"D","D","",0.10625,0.0346564774403203,0.210219432320961,68,"Lab",NA,NA,NA,NA,NA,NA,NA,NA,NA,NA,NA,NA,0.75075,0.40775,0.21675,0.76025,0.42575,0.23075,0.47225,14,"33Lab","D"
"264",264,33,1,"H",0.085,0.099,0.087,0.097,"2018-05-22",8,1,"M","Low","2018-01-20","PC",23,3,4,22,1,"AD","A","D",0.10625,0.0346564774403203,0.210219432320961,122,"Lab",NA,NA,NA,NA,NA,NA,NA,NA,NA,NA,NA,NA,-0.02125,-0.00724999999999999,-0.01925,-0.01575,-0.01925,-0.01075,-0.01525,1,"33Lab","A"
"265",265,34,1,"A",1.954,1.409,0.927,0.126,NA,NA,NA,NA,NA,NA,NA,NA,NA,NA,NA,NA,NA,NA,NA,0.101375,0.0136375270066513,0.142287581019954,NA,"Lab",NA,NA,NA,NA,NA,NA,NA,NA,NA,NA,NA,NA,1.852625,1.307625,0.825625,1.868625,1.304125,0.847125,1.33995833333333,NA,"34Lab",NA
"266",266,34,1,"B",2.093,1.504,1.032,0.095,NA,NA,NA,NA,NA,NA,NA,NA,NA,NA,NA,NA,NA,NA,NA,0.101375,0.0136375270066513,0.142287581019954,NA,"Lab",NA,NA,NA,NA,NA,NA,NA,NA,NA,NA,NA,NA,1.991625,1.402625,0.930625,1.968625,1.437625,0.952125,1.45279166666667,NA,"34Lab",NA
"267",267,34,1,"C",3.082,3.013,2.896,0.099,"2018-06-04",35,1,"F","High","2018-02-18","ST",16.5,NA,NA,35,14,"DD","D","D",0.101375,0.0136375270066513,0.142287581019954,106,"Lab",NA,NA,NA,NA,NA,NA,NA,NA,NA,NA,NA,NA,2.980625,2.911625,2.794625,3.027625,2.844625,2.825125,2.899125,35,"34Lab","DD"
"268",268,34,1,"D",2.217,1.729,1.243,0.088,"2018-05-19",63,2,"F","Low","2018-03-07","ST",14,3,4,17,NA,"D","D","",0.101375,0.0136375270066513,0.142287581019954,73,"Lab",NA,NA,NA,NA,NA,NA,NA,NA,NA,NA,NA,NA,2.115625,1.627625,1.141625,2.107125,1.621625,1.132625,1.62045833333333,17,"34Lab","D"
"269",269,34,1,"E",2.888,2.574,2.263,0.087,"2018-06-06",70,2,"F","High","2018-02-18","ST",19,NA,NA,35,14,"DD","D","D",0.101375,0.0136375270066513,0.142287581019954,108,"Lab",NA,NA,NA,NA,NA,NA,NA,NA,NA,NA,NA,NA,2.786625,2.472625,2.161625,2.802125,2.511625,2.186125,2.49995833333333,35,"34Lab","DD"
"270",270,34,1,"F",3.031,2.961,2.796,0.102,"2018-06-06",41,2,"M","Low","2018-01-19","ST",27,NA,NA,35,14,"DD","D","D",0.101375,0.0136375270066513,0.142287581019954,138,"Lab",NA,NA,NA,NA,NA,NA,NA,NA,NA,NA,NA,NA,2.929625,2.859625,2.694625,2.932125,2.871625,2.726125,2.84329166666667,35,"34Lab","DD"
"271",271,34,1,"G",0.065,0.07,0.071,0.097,"2018-05-14",31,1,"F","High","2018-01-20","PC",16,3,3,14,NA,"A","A","",0.101375,0.0136375270066513,0.142287581019954,114,"Lab",NA,NA,NA,NA,NA,NA,NA,NA,NA,NA,NA,NA,-0.036375,-0.031375,-0.030375,-0.023875,-0.006875,-0.013875,-0.014875,NA,"34Lab","A"
"272",272,34,1,"H",2.531,2.079,1.636,0.117,NA,NA,NA,NA,NA,NA,NA,NA,NA,NA,NA,NA,NA,NA,NA,0.101375,0.0136375270066513,0.142287581019954,NA,"Lab",NA,NA,NA,NA,NA,NA,NA,NA,NA,NA,NA,NA,2.429625,1.977625,1.534625,2.447625,1.991125,1.558125,1.99895833333333,NA,"34Lab",NA
"273",273,35,1,"A",1.601,1.02,0.616,0.148,NA,NA,NA,NA,NA,NA,NA,NA,NA,NA,NA,NA,NA,NA,NA,0.118125,0.0155235995457607,0.164695798637282,NA,"Lab",NA,NA,NA,NA,NA,NA,NA,NA,NA,NA,NA,NA,1.482875,0.901875,0.497875,1.4933125,0.9103125,0.5093125,0.970979166666667,NA,"35Lab",NA
"274",274,35,1,"B",1.602,1.053,0.654,0.129,NA,NA,NA,NA,NA,NA,NA,NA,NA,NA,NA,NA,NA,NA,NA,0.118125,0.0155235995457607,0.164695798637282,NA,"Lab",NA,NA,NA,NA,NA,NA,NA,NA,NA,NA,NA,NA,1.483875,0.934875,0.535875,1.4903125,0.9448125,0.5443125,0.993145833333333,NA,"35Lab",NA
"275",275,35,1,"C",1.855,1.388,0.922,0.106,"2018-05-19",58,2,"F","Low","2018-02-18","SC",16.5,3,4,17,NA,"D","D","",0.118125,0.0155235995457607,0.164695798637282,90,"Lab",NA,NA,NA,NA,NA,NA,NA,NA,NA,NA,NA,NA,1.736875,1.269875,0.803875,1.7483125,1.2958125,0.8298125,1.2913125,17,"35Lab","D"
"276",276,35,1,"D",2.355,1.94,1.382,0.105,"2018-05-22",12,1,"M","High","2018-02-19","ST",23,4,4,22,1,"DD","D","D",0.118125,0.0155235995457607,0.164695798637282,92,"Lab",NA,NA,NA,NA,NA,NA,NA,NA,NA,NA,NA,NA,2.236875,1.821875,1.263875,2.2543125,1.8268125,1.2743125,1.78514583333333,22,"35Lab","D"
"277",277,35,1,"E",0.073,0.068,0.074,0.106,"2018-05-16",60,2,"F","Low","2018-02-18","PC",16.5,3,4,14,NA,"A","A","",0.118125,0.0155235995457607,0.164695798637282,87,"Lab",NA,NA,NA,NA,NA,NA,NA,NA,NA,NA,NA,NA,-0.045125,-0.050125,-0.044125,-0.0261875,-0.0316875,-0.0326875,-0.0301875,NA,"35Lab","A"
"278",278,35,1,"F",2.915,2.86,2.638,0.115,"2018-06-06",57,2,"F","Low","2018-02-24","SC",19.5,NA,NA,35,14,"DA","D","A",0.118125,0.0155235995457607,0.164695798637282,102,"Lab",NA,NA,NA,NA,NA,NA,NA,NA,NA,NA,NA,NA,2.796875,2.741875,2.519875,2.8383125,2.7153125,2.5523125,2.70197916666667,35,"35Lab","DA"
"279",279,35,1,"G",0.065,0.072,0.072,0.108,"2018-05-14",18,1,"M","High","2018-01-29","PC",22.5,3,4,14,NA,"A","A","",0.118125,0.0155235995457607,0.164695798637282,105,"Lab",NA,NA,NA,NA,NA,NA,NA,NA,NA,NA,NA,NA,-0.053125,-0.046125,-0.046125,-0.0326875,-0.0271875,-0.0276875,-0.0291875,NA,"35Lab","A"
"280",280,35,1,"H",0.086,0.097,0.084,0.128,NA,NA,NA,NA,NA,NA,NA,NA,NA,NA,NA,NA,NA,NA,NA,0.118125,0.0155235995457607,0.164695798637282,NA,"Lab",NA,NA,NA,NA,NA,NA,NA,NA,NA,NA,NA,NA,-0.032125,-0.021125,-0.034125,-0.0066875,-0.0116875,-0.0111875,-0.00985416666666666,NA,"35Lab",NA
"281",281,36,1,"A",1.424,0.966,0.507,0.133,NA,NA,NA,NA,NA,NA,NA,NA,NA,NA,NA,NA,NA,NA,NA,0.111875,0.0262974061730158,0.190767218519048,NA,"Lab",NA,NA,NA,NA,NA,NA,NA,NA,NA,NA,NA,NA,1.312125,0.854125,0.395125,1.349875,0.839875,0.400875,0.863541666666667,NA,"36Lab",NA
"282",282,36,1,"B",1.495,0.905,0.543,0.1,NA,NA,NA,NA,NA,NA,NA,NA,NA,NA,NA,NA,NA,NA,NA,0.111875,0.0262974061730158,0.190767218519048,NA,"Lab",NA,NA,NA,NA,NA,NA,NA,NA,NA,NA,NA,NA,1.383125,0.793125,0.431125,1.370375,0.813875,0.425875,0.870041666666667,NA,"36Lab",NA
"283",283,36,1,"C",0.07,0.09,0.07,0.165,"2018-05-16",42,2,"M","Low","2018-01-19","PC",22,3,4,14,NA,"A","A","",0.111875,0.0262974061730158,0.190767218519048,117,"Lab",NA,NA,NA,NA,NA,NA,NA,NA,NA,NA,NA,NA,-0.041875,-0.021875,-0.041875,-0.027625,-0.014625,-0.028625,-0.023625,NA,"36Lab","A"
"284",284,36,1,"D",2.033,1.634,1.06,0.102,"2018-05-17",34,1,"F","High","2018-01-20","SC",16.5,3,3,17,NA,"D","D","",0.111875,0.0262974061730158,0.190767218519048,117,"Lab",NA,NA,NA,NA,NA,NA,NA,NA,NA,NA,NA,NA,1.921125,1.522125,0.948125,1.895375,1.516875,0.951875,1.45470833333333,17,"36Lab","D"
"285",285,36,1,"E",2.042,1.613,1.112,0.087,"2018-05-17",2,1,"M","Low","2018-01-20","ST",21.5,3,4,17,NA,"D","D","",0.111875,0.0262974061730158,0.190767218519048,117,"Lab",NA,NA,NA,NA,NA,NA,NA,NA,NA,NA,NA,NA,1.930125,1.501125,1.000125,1.967875,1.524875,1.004875,1.49920833333333,17,"36Lab","D"
"286",286,36,1,"F",1.724,1.207,0.789,0.1,"2018-05-16",51,2,"M","High","2018-02-18","ST",20,3,4,14,NA,"D","D","",0.111875,0.0262974061730158,0.190767218519048,87,"Lab",NA,NA,NA,NA,NA,NA,NA,NA,NA,NA,NA,NA,1.612125,1.095125,0.677125,1.662875,1.132375,0.711375,1.168875,14,"36Lab","D"
"287",287,36,1,"G",2.336,1.825,1.253,0.089,"2018-06-06",53,2,"M","High","2018-01-21","ST",21.5,NA,NA,35,14,"DD","D","D",0.111875,0.0262974061730158,0.190767218519048,136,"Lab",NA,NA,NA,NA,NA,NA,NA,NA,NA,NA,NA,NA,2.224125,1.713125,1.141125,2.235875,1.749875,1.124375,1.703375,35,"36Lab","DD"
"288",288,36,1,"H",0.081,0.086,0.094,0.119,NA,NA,NA,NA,NA,NA,NA,NA,NA,NA,NA,NA,NA,NA,NA,0.111875,0.0262974061730158,0.190767218519048,NA,"Lab",NA,NA,NA,NA,NA,NA,NA,NA,NA,NA,NA,NA,-0.030875,-0.025875,-0.017875,-0.009125,-0.019125,-0.001125,-0.00979166666666667,NA,"36Lab",NA
"289",289,37,1,"A",1.584,0.976,0.624,0.088,NA,NA,NA,NA,NA,NA,NA,NA,NA,NA,NA,NA,NA,NA,NA,0.107375,0.0374506818553224,0.219727045565967,NA,"Lab",NA,NA,NA,NA,NA,NA,NA,NA,NA,NA,NA,NA,1.476625,0.868625,0.516625,1.4801875,0.8806875,0.5271875,0.9626875,NA,"37Lab",NA
"290",290,37,1,"B",1.667,1.095,0.715,0.075,NA,NA,NA,NA,NA,NA,NA,NA,NA,NA,NA,NA,NA,NA,NA,0.107375,0.0374506818553224,0.219727045565967,NA,"Lab",NA,NA,NA,NA,NA,NA,NA,NA,NA,NA,NA,NA,1.559625,0.987625,0.607625,1.5721875,0.9971875,0.6076875,1.05902083333333,NA,"37Lab",NA
"291",291,37,1,"C",2.062,1.43,0.931,0.099,"2018-05-19",64,2,"F","High","2018-03-07","SC",NA,3,4,17,NA,"D","D","",0.107375,0.0374506818553224,0.219727045565967,73,"Lab",NA,NA,NA,NA,NA,NA,NA,NA,NA,NA,NA,NA,1.954625,1.322625,0.823625,1.8831875,1.3296875,0.8506875,1.35452083333333,17,"37Lab","D"
"292",292,37,1,"D",1.007,0.63,0.398,0.083,"2018-05-14",14,1,"M","High","2018-03-07","ST",21.5,3,4,14,NA,"D","D","",0.107375,0.0374506818553224,0.219727045565967,68,"Lab",NA,NA,NA,NA,NA,NA,NA,NA,NA,NA,NA,NA,0.899625,0.522625,0.290625,0.9046875,0.5336875,0.2871875,0.5751875,14,"37Lab","D"
"293",293,37,1,"E",1.003,0.605,0.376,0.105,"2018-05-14",29,1,"F","High","2018-02-21","SC",27,3,4,14,NA,"D","D","",0.107375,0.0374506818553224,0.219727045565967,82,"Lab",NA,NA,NA,NA,NA,NA,NA,NA,NA,NA,NA,NA,0.895625,0.497625,0.268625,0.8826875,0.5166875,0.2856875,0.5616875,14,"37Lab","D"
"294",294,37,1,"F",3.042,2.94,2.579,0.194,"2018-06-06",51,2,"M","High","2018-02-18","ST",20.5,NA,NA,35,14,"DD","D","D",0.107375,0.0374506818553224,0.219727045565967,108,"Lab",NA,NA,NA,NA,NA,NA,NA,NA,NA,NA,NA,NA,2.934625,2.832625,2.471625,2.9316875,2.8561875,2.5451875,2.7776875,35,"37Lab","DD"
"295",295,37,1,"G",0.088,0.081,0.089,0.097,NA,NA,NA,NA,NA,NA,NA,NA,NA,NA,NA,NA,NA,NA,NA,0.107375,0.0374506818553224,0.219727045565967,NA,"Lab",NA,NA,NA,NA,NA,NA,NA,NA,NA,NA,NA,NA,-0.019375,-0.026375,-0.018375,-0.0078125,-0.0168125,-0.0043125,-0.00964583333333333,NA,"37Lab",NA
"296",296,37,1,"H",2.763,2.375,1.885,0.118,"2018-06-06",43,2,"M","Low","2018-01-19","SC",23,NA,NA,35,14,"DA","D","A",0.107375,0.0374506818553224,0.219727045565967,138,"Lab",NA,NA,NA,NA,NA,NA,NA,NA,NA,NA,NA,NA,2.655625,2.267625,1.777625,2.6456875,2.2241875,1.8056875,2.2251875,35,"37Lab","DA"
"297",297,1,1,"A",2.24,2,1.345,0.07,NA,NA,NA,NA,NA,NA,"Pos.Ctrl",NA,NA,NA,NA,NA,"Pos.Ctrl","P","os.Ctrl",0.070625,0.014585417,0.11438125,NA,"Wild",NA,NA,NA,NA,NA,NA,NA,NA,NA,NA,NA,NA,2.169375,1.929375,1.274375,2.1771160715,1.8946160715,1.2746160715,1.7821160715,NA,"1Wild","Pos.Ctrl"
"298",298,1,1,"B",2.546,0.597,2.209,0.079,NA,NA,NA,NA,NA,NA,"Pos.Ctrl",NA,NA,NA,NA,NA,"Pos.Ctrl","P","os.Ctrl",0.070625,0.014585417,0.11438125,NA,"Wild",NA,NA,NA,NA,NA,NA,NA,NA,NA,NA,NA,NA,2.475375,0.526375,2.138375,2.4726160715,0.5216160715,2.1391160715,1.7111160715,NA,"1Wild","Pos.Ctrl"
"299",299,1,1,"C",0.057,0.059,0.049,0.105,"16/08/2018",841092547,NA,"F","High",NA,"A",21,2,2,9,NA,"A","A","",0.070625,0.014585417,0.11438125,NA,"Wild",2,"A","P",89,2,0,1,NA,NA,NA,NA,"Reproductive",-0.013625,-0.011625,-0.021625,-0.00938392849999999,-0.0108839285,-0.0163839285,-0.0122172618333333,NA,"1Wild","A"
"300",300,1,1,"D",0.403,0.246,0.143,0.067,"07/08/2018",835339845,NA,"M","High",NA,"DA",23.5,2,2,33,13,"DA","D","A",0.070625,0.014585417,0.11438125,NA,"Wild",1,"A","S",93,0,1,1,0.802,30,120,0,"Reproductive",0.332375,0.175375,0.072375,0.3391160715,0.1726160715,0.0781160715,0.1966160715,33,"1Wild","DA"
"301",301,1,1,"E",2.026,1.489,0.929,0.066,"06/09/2018",835338101,NA,"F","High",NA,"DD",25,2,3,63,44,"DD","D","D",0.070625,0.014585417,0.11438125,NA,"Wild",2,"A","G/L",90,0,0,1,NA,NA,NA,NA,"Reproductive",1.955375,1.418375,0.858375,1.9901160715,1.4116160715,0.8471160715,1.41628273816667,63,"1Wild","DD"
"302",302,1,1,"F",0.057,0.053,0.05,0.055,"02/08/2018",835346074,NA,"M","High",NA,"AD",27.5,3,4,21,2,"AD","A","D",0.070625,0.014585417,0.11438125,NA,"Wild",1,"A","S",92,0,0,3,NA,NA,NA,NA,"Reproductive",-0.013625,-0.017625,-0.020625,-0.0083839285,-0.0138839285,-0.0153839285,-0.0125505951666667,2,"1Wild","A"
"303",303,1,1,"G",0.055,0.08,0.051,0.06,"30/08/2018",840289049,NA,"F","Low",NA,"A",13,3,2,9,NA,"A","A","",0.070625,0.014585417,0.11438125,NA,"Wild",4,"A","NP",77,0,0,1,NA,NA,NA,NA,"Non-Reproductive",-0.015625,0.00937500000000001,-0.019625,-0.0123839285,0.0136160715,-0.0123839285,-0.00371726183333333,NA,"1Wild","A"
"304",304,1,1,"H",2.036,0.625,1.48,0.063,"31/07/2018",836840260,NA,"M","Low",NA,"DA",18.5,2,2,19,0,"D","D","",0.070625,0.014585417,0.11438125,NA,"Wild",3,"A","D",90,0,1,2,NA,NA,NA,NA,"Non-Reproductive",1.965375,0.554375,1.409375,1.9266160715,0.5556160715,1.4131160715,1.29844940483333,19,"1Wild","D"
"305",305,2,1,"A",2.659,2.148,1.478,0.058,NA,NA,NA,NA,NA,NA,"Pos.Ctrl",NA,NA,NA,NA,NA,"Pos.Ctrl","P","os.Ctrl",0.060875,0.005710462,0.078006386,NA,"Wild",NA,NA,NA,NA,NA,NA,NA,NA,NA,NA,NA,NA,2.598125,2.087125,1.417125,2.5760625,2.0075625,1.3765625,1.98672916666667,NA,"2Wild","Pos.Ctrl"
"306",306,2,1,"B",3.016,2.601,2.14,0.058,NA,NA,NA,NA,NA,NA,"Pos.Ctrl",NA,NA,NA,NA,NA,"Pos.Ctrl","P","os.Ctrl",0.060875,0.005710462,0.078006386,NA,"Wild",NA,NA,NA,NA,NA,NA,NA,NA,NA,NA,NA,NA,2.955125,2.540125,2.079125,2.8740625,2.4575625,1.9745625,2.43539583333333,NA,"2Wild","Pos.Ctrl"
"307",307,2,1,"C",2.29,1.593,1.027,0.055,"02/08/2018",841093014,NA,"F","High",NA,"DD",23,3,3,29,9,"DD","D","D",0.060875,0.005710462,0.078006386,NA,"Wild",2,"A","P",92,0,0,0,NA,NA,NA,NA,"Reproductive",2.229125,1.532125,0.966125,2.1980625,1.5060625,0.9390625,1.54772916666667,29,"2Wild","DD"
"308",308,2,1,"D",1.752,1.038,0.672,0.07,"21/08/2018",841079632,NA,"M","High",NA,"DD",17,3,3,27,0,"D","D","",0.060875,0.005710462,0.078006386,NA,"Wild",2,"A","S",71,0,0,0,NA,NA,NA,NA,"Reproductive",1.691125,0.977125,0.611125,1.6470625,0.9860625,0.5925625,1.07522916666667,27,"2Wild","D"
"309",309,2,1,"E",0.594,0.351,0.199,0.058,"07/08/2018",836859050,NA,"M","High",NA,"DA",26,2,2,28,7,"DA","D","A",0.060875,0.005710462,0.078006386,NA,"Wild",2,"A","S",95,10,0,2,NA,NA,NA,NA,"Reproductive",0.533125,0.290125,0.138125,0.5510625,0.2885625,0.1405625,0.326729166666667,28,"2Wild","DA"
"310",310,2,1,"F",2.312,1.522,1.03,0.06,"07/08/2018",836841279,NA,"F","Low",NA,"AD",21,2,3,33,14,"AD","A","D",0.060875,0.005710462,0.078006386,NA,"Wild",3,"A","P",90,0,0,10,NA,16,0,1,"Reproductive",2.251125,1.461125,0.969125,2.2085625,1.4940625,0.9365625,1.54639583333333,14,"2Wild","AD"
"311",311,2,1,"G",0.052,0.049,0.05,0.071,"10/07/2018",835339783,NA,"F","High",NA,"AD",21,2,3,6,NA,"A","A","",0.060875,0.005710462,0.078006386,NA,"Wild",1,"A","P",96,0,0,0,NA,NA,NA,NA,"Reproductive",-0.008875,-0.011875,-0.010875,-0.0094375,-0.0089375,-0.0084375,-0.0089375,NA,"2Wild","A"
"312",312,2,1,"H",2.45,2.054,1.643,0.057,"14/08/2018",841108291,NA,"F","Low",NA,"DD",20,3,3,40,21,"DD","D","D",0.060875,0.005710462,0.078006386,NA,"Wild",4,"A","P",74,1,0,0,NA,NA,NA,NA,"Reproductive",2.389125,1.993125,1.582125,2.3670625,1.9860625,1.5440625,1.96572916666667,40,"2Wild","DD"
"313",313,3,1,"A",2.441,1.732,1.163,0.06,NA,NA,NA,NA,NA,NA,"Pos.Ctrl",NA,NA,NA,NA,NA,"Pos.Ctrl","P","os.Ctrl",0.059625,0.004090767,0.071897301,NA,"Wild",NA,NA,NA,NA,NA,NA,NA,NA,NA,NA,NA,NA,2.381375,1.672375,1.103375,2.3525,1.676,1.071,1.69983333333333,NA,"3Wild","Pos.Ctrl"
"314",314,3,1,"B",2.379,1.727,1.131,0.052,NA,NA,NA,NA,NA,NA,"Pos.Ctrl",NA,NA,NA,NA,NA,"Pos.Ctrl","P","os.Ctrl",0.059625,0.004090767,0.071897301,NA,"Wild",NA,NA,NA,NA,NA,NA,NA,NA,NA,NA,NA,NA,2.319375,1.667375,1.071375,2.313,1.6615,1.027,1.66716666666667,NA,"3Wild","Pos.Ctrl"
"315",315,3,1,"C",0.713,0.396,0.232,0.06,"26/07/2018",835339845,NA,"M","High",NA,"DA",24.5,2,2,21,1,"DA","D","A",0.059625,0.004090767,0.071897301,NA,"Wild",1,"A","S",85,0,1,0,NA,NA,NA,NA,"Reproductive",0.653375,0.336375,0.172375,0.635,0.338,0.169,0.380666666666667,21,"3Wild","D"
"316",316,3,1,"D",0.335,0.191,0.122,0.063,"21/08/2018",836859050,NA,"M","High",NA,"DA",27,2,2,42,21,"DA","D","A",0.059625,0.004090767,0.071897301,NA,"Wild",2,"A","S",87,2,0,0,0.746,181,0,0,"Reproductive",0.275375,0.131375,0.062375,0.2745,0.1335,0.061,0.156333333333333,42,"3Wild","DA"
"317",317,3,1,"E",1.148,0.7,0.384,0.064,"16/08/2018",835315094,NA,"F","Low",NA,"DD",14.5,2,2,16,NA,"D","D","",0.059625,0.004090767,0.071897301,NA,"Wild",3,"A","P",70,0,0,0,NA,NA,NA,NA,"Reproductive",1.088375,0.640375,0.324375,1.107,0.626,0.3285,0.687166666666667,16,"3Wild","D"
"318",318,3,1,"F",2.274,1.537,0.911,0.063,"28/08/2018",841104851,NA,"M","Low",NA,"DA",18,3,3,26,7,"DA","D","A",0.059625,0.004090767,0.071897301,NA,"Wild",3,"A","D",81,0,0,2,NA,NA,NA,NA,"Non-Reproductive",2.214375,1.477375,0.851375,2.1425,1.4475,0.8565,1.48216666666667,26,"3Wild","DA"
"319",319,3,1,"G",0.225,0.146,0.096,0.061,"05/09/2018",836844519,NA,"M","High",NA,"AD",23,2,2,36,15,"AD","A","D",0.059625,0.004090767,0.071897301,NA,"Wild",2,"A","S",100,6,0,0,0.8,99,12,0,"Reproductive",0.165375,0.086375,0.036375,0.1685,0.086,0.0385,0.0976666666666667,15,"3Wild","AD"
"320",320,3,1,"H",1.231,0.575,0.38,0.054,"07/08/2018",841079632,NA,"M","High",NA,"DD",18.5,3,3,13,NA,"D","D","",0.059625,0.004090767,0.071897301,NA,"Wild",2,"A","D",87,0,0,0,NA,NA,NA,NA,"Non-Reproductive",1.171375,0.515375,0.320375,1.1625,0.5165,0.3245,0.667833333333333,13,"3Wild","D"
"321",321,4,1,"A",2.367,1.936,1.313,0.102,NA,NA,NA,NA,NA,NA,"Pos.Ctrl",NA,NA,NA,NA,NA,"Pos.Ctrl","P","os.Ctrl",0.066571429,0.014646864,0.110512019,NA,"Wild",NA,NA,NA,NA,NA,NA,NA,NA,NA,NA,NA,NA,2.300428571,1.869428571,1.246428571,2.277285714,1.847285714,1.221285714,1.78195238066667,NA,"4Wild","Pos.Ctrl"
"322",322,4,1,"B",2.304,1.702,1.176,0.499,NA,NA,NA,NA,NA,NA,"Pos.Ctrl",NA,NA,NA,NA,NA,"Pos.Ctrl","P","os.Ctrl",0.066571429,0.014646864,0.110512019,NA,"Wild",NA,NA,NA,NA,NA,NA,NA,NA,NA,NA,NA,NA,2.237428571,1.635428571,1.109428571,2.275285714,1.649285714,1.066285714,1.66361904733333,NA,"4Wild","Pos.Ctrl"
"323",323,4,1,"C",2.342,1.746,1.208,0.061,"24/07/2018",841108291,NA,"F","Low",NA,"DD",21.5,2,2,19,0,"D","D","",0.066571429,0.014646864,0.110512019,NA,"Wild",4,"A","P/G/L",81,4,1,0,NA,NA,NA,NA,"Reproductive",2.275428571,1.679428571,1.141428571,2.257785714,1.694785714,1.118285714,1.690285714,19,"4Wild","D"
"324",324,4,1,"D",0.096,0.08,0.086,0.057,"31/07/2018",841090031,NA,"M","Low",NA,"DD",13,3,3,6,NA,"D","D","",0.066571429,0.014646864,0.110512019,NA,"Wild",3,"SA","A",70,1,0,2,NA,NA,NA,NA,"Non-Reproductive",0.029428571,0.013428571,0.019428571,0.027785714,0.010785714,0.020285714,0.0196190473333333,6,"4Wild","D"
"325",325,4,1,"E",0.051,0.05,0.052,0.063,"31/07/2018",835338025,NA,"F","High",NA,"D",26,2,2,6,NA,"D","D","",0.066571429,0.014646864,0.110512019,NA,"Wild",2,"A","G",90,5,1,3,NA,NA,NA,NA,"Reproductive",-0.015571429,-0.016571429,-0.014571429,-0.016214286,-0.017714286,-0.016714286,-0.0168809526666667,6,"4Wild","D"
"326",326,4,1,"F",0.083,0.06,0.061,0.064,"07/08/2018",835319552,NA,"M","Low",NA,"AD",21,2,2,27,7,"AD","A","D",0.066571429,0.014646864,0.110512019,NA,"Wild",3,"A","D",94,2,0,3,NA,NA,NA,NA,"Non-Reproductive",0.016428571,-0.006571429,-0.005571429,0.011285714,-0.006714286,-0.005714286,-0.000380952666666666,7,"4Wild","AD"
"327",327,4,1,"G",2.739,2.374,1.598,0.058,"21/08/2018",841090031,NA,"M","Low",NA,"DD",14,2,2,27,7,"DD","D","D",0.066571429,0.014646864,0.110512019,NA,"Wild",3,"A","A",68,0,0,0,NA,NA,NA,NA,"Non-Reproductive",2.672428571,2.307428571,1.531428571,2.523285714,2.199285714,1.529785714,2.08411904733333,27,"4Wild","DD"
"328",328,4,1,"H",0.082,0.071,0.06,0.061,"07/08/2018",836841827,NA,"M","Low",NA,"AD",25,2,2,34,7,"AD","A","D",0.066571429,0.014646864,0.110512019,NA,"Wild",4,"A","S",100,0,0,4,NA,NA,NA,NA,"Reproductive",0.015428571,0.00442857099999999,-0.006571429,0.036785714,0.002285714,-0.004714286,0.0114523806666667,7,"4Wild","AD"
"329",329,5,1,"A",2.493,1.95,1.452,0.062,NA,NA,NA,NA,NA,NA,"Pos.Ctrl",NA,NA,NA,NA,NA,"Pos.Ctrl","P","os.Ctrl",0.058285714,0.008344618,0.083319569,NA,"Wild",NA,NA,NA,NA,NA,NA,NA,NA,NA,NA,NA,NA,2.434714286,1.891714286,1.393714286,2.4802857145,1.8802857145,1.3482857145,1.90295238116667,NA,"5Wild","Pos.Ctrl"
"330",330,5,1,"B",2.371,1.822,1.319,0.054,NA,NA,NA,NA,NA,NA,"Pos.Ctrl",NA,NA,NA,NA,NA,"Pos.Ctrl","P","os.Ctrl",0.058285714,0.008344618,0.083319569,NA,"Wild",NA,NA,NA,NA,NA,NA,NA,NA,NA,NA,NA,NA,2.312714286,1.763714286,1.260714286,2.4062857145,1.8382857145,1.2892857145,1.84461904783333,NA,"5Wild","Pos.Ctrl"
"331",331,5,1,"C",1.074,0.65,0.38,0.051,"14/08/2018",835315094,NA,"F","Low",NA,"DD",15,3,3,14,NA,"D","D","",0.058285714,0.008344618,0.083319569,NA,"Wild",3,"A","P",79,1,0,1,NA,NA,NA,NA,"Reproductive",1.015714286,0.591714286,0.321714286,1.0597857145,0.6157857145,0.3387857145,0.671452381166667,14,"5Wild","D"
"332",332,5,1,"D",0.055,0.053,0.051,0.162,"10/07/2018",841108291,NA,"F","Low",NA,"DD",21.5,2,2,5,NA,"D","D","",0.058285714,0.008344618,0.083319569,NA,"Wild",4,"A","P",85,3,0,0,NA,NA,NA,NA,"Reproductive",-0.003285714,-0.005285714,-0.00728571400000001,-0.0057142855,-0.0077142855,-0.0072142855,-0.00688095216666667,5,"5Wild","D"
"333",333,5,1,"E",1.235,0.748,0.478,0.077,"05/09/2018",840285293,NA,"M","High",NA,"D",16,3,2,13,NA,"D","D","",0.058285714,0.008344618,0.083319569,NA,"Wild",2,"A","A",85,0,0,1,NA,NA,NA,NA,"Non-Reproductive",1.176714286,0.689714286,0.419714286,1.2267857145,0.7192857145,0.4247857145,0.7902857145,13,"5Wild","D"
"334",334,5,1,"F",0.047,0.049,0.048,0.057,"16/08/2018",840280097,NA,"M","Low",NA,"AD",15.5,2,2,14,NA,"A","A","",0.058285714,0.008344618,0.083319569,NA,"Wild",3,"A","D",82,2,0,0,NA,NA,NA,NA,"Non-Reproductive",-0.011285714,-0.009285714,-0.010285714,-0.0127142855,-0.0122142855,-0.0127142855,-0.0125476188333333,NA,"5Wild","A"
"335",335,5,1,"G",0.243,0.154,0.1,0.055,"05/09/2018",841076790,NA,"F","Low",NA,"DA",23,2,2,64,43,"DA","D","A",0.058285714,0.008344618,0.083319569,NA,"Wild",3,"A","P",90,0,0,0,NA,20,0,1,"Reproductive",0.184714286,0.095714286,0.041714286,0.1957857145,0.0962857145,0.0417857145,0.1112857145,64,"5Wild","DA"
"336",336,5,1,"H",0.053,0.05,0.051,0.052,"21/08/2018",836587780,NA,"F","High",NA,NA,22,3,3,NA,NA,NA,NA,NA,0.058285714,0.008344618,0.083319569,NA,"Wild",1,"A","P",79,0,0,2,NA,NA,NA,NA,"Reproductive",-0.005285714,-0.008285714,-0.00728571400000001,-0.0042142855,-0.0072142855,-0.0072142855,-0.0062142855,NA,"5Wild",NA
"337",337,6,1,"A",2.745,2.076,1.434,0.07,NA,NA,NA,NA,NA,NA,"Pos.Ctrl",NA,NA,NA,NA,NA,"Pos.Ctrl","P","os.Ctrl",0.0595,0.005123475,0.074870426,NA,"Wild",NA,NA,NA,NA,NA,NA,NA,NA,NA,NA,NA,NA,2.6855,2.0165,1.3745,2.6376875,1.9741875,1.3741875,1.99535416666667,NA,"6Wild","Pos.Ctrl"
"338",338,6,1,"B",2.652,2.017,1.379,0.06,NA,NA,NA,NA,NA,NA,"Pos.Ctrl",NA,NA,NA,NA,NA,"Pos.Ctrl","P","os.Ctrl",0.0595,0.005123475,0.074870426,NA,"Wild",NA,NA,NA,NA,NA,NA,NA,NA,NA,NA,NA,NA,2.5925,1.9575,1.3195,2.5491875,1.9081875,1.3121875,1.9231875,NA,"6Wild","Pos.Ctrl"
"339",339,6,1,"C",1.633,1.022,0.614,0.057,"23/08/2018",841074265,NA,"F","Low",NA,"DA",14.5,2,2,30,9,"DA","D","A",0.0595,0.005123475,0.074870426,NA,"Wild",3,"A","P",72,0,0,1,NA,NA,NA,NA,"Reproductive",1.5735,0.9625,0.5545,1.5521875,0.9686875,0.5601875,1.02702083333333,30,"6Wild","DA"
"340",340,6,1,"D",1.945,1.349,0.794,0.055,"28/08/2018",841074265,NA,"F","Low",NA,"DA",16,2,2,35,14,"DA","D","A",0.0595,0.005123475,0.074870426,NA,"Wild",3,"SA","NP",74,0,0,0,NA,8,2,0,"Non-Reproductive",1.8855,1.2895,0.7345,1.8591875,1.2481875,0.7401875,1.28252083333333,35,"6Wild","DA"
"341",341,6,1,"E",0.45,0.237,0.165,0.061,"11/07/2018",841076790,NA,"F","Low",NA,"DA",21,3,3,8,NA,"D","D","",0.0595,0.005123475,0.074870426,NA,"Wild",3,"A","P",80,NA,2,NA,NA,NA,NA,NA,"Reproductive",0.3905,0.1775,0.1055,0.3956875,0.1806875,0.1106875,0.229020833333333,8,"6Wild","D"
"342",342,6,1,"F",1.047,0.583,0.339,0.058,"21/08/2018",840121589,NA,"F","Low",NA,"D",12.5,2,2,13,NA,"D","D","",0.0595,0.005123475,0.074870426,NA,"Wild",4,"A","P",67,1,0,0,NA,NA,NA,NA,"Reproductive",0.9875,0.5235,0.2795,0.9611875,0.5246875,0.2816875,0.5891875,13,"6Wild","D"
"343",343,6,1,"G",2.786,2.392,1.751,0.052,"05/09/2018",836613123,NA,"M","High",NA,"DD",20,3,2,36,8,"DD","D","D",0.0595,0.005123475,0.074870426,NA,"Wild",2,"A","D",85,2,0,1,0.13,7,10,0,"Non-Reproductive",2.7265,2.3325,1.6915,2.6966875,2.2896875,1.7096875,2.23202083333333,36,"6Wild","DD"
"344",344,6,1,"H",1.951,1.445,0.867,0.063,"07/08/2018",841090031,NA,"M","Low",NA,"DD",13.5,3,3,13,NA,"D","D","",0.0595,0.005123475,0.074870426,NA,"Wild",3,"A","A",79,4,0,3,NA,NA,NA,NA,"Non-Reproductive",1.8915,1.3855,0.8075,1.8931875,1.3811875,0.8176875,1.36402083333333,13,"6Wild","D"
"345",345,7,1,"A",2.114,1.65,1.165,0.061,NA,NA,NA,NA,NA,NA,"Pos.Ctrl",NA,NA,NA,NA,NA,"Pos.Ctrl","P","os.Ctrl",0.055125,0.003407253,0.06534676,NA,"Wild",NA,NA,NA,NA,NA,NA,NA,NA,NA,NA,NA,NA,2.058875,1.594875,1.109875,2.0438125,1.5893125,1.0928125,1.5753125,NA,"7Wild","Pos.Ctrl"
"346",346,7,1,"B",2.033,1.523,1.013,0.056,NA,NA,NA,NA,NA,NA,"Pos.Ctrl",NA,NA,NA,NA,NA,"Pos.Ctrl","P","os.Ctrl",0.055125,0.003407253,0.06534676,NA,"Wild",NA,NA,NA,NA,NA,NA,NA,NA,NA,NA,NA,NA,1.977875,1.467875,0.957875,1.9593125,1.4558125,0.9428125,1.45264583333333,NA,"7Wild","Pos.Ctrl"
"347",347,7,1,"C",0.913,0.526,0.302,0.052,"31/07/2018",836859050,NA,"M","High",NA,"DA",25.5,2,3,21,0,"D","D","",0.055125,0.003407253,0.06534676,NA,"Wild",2,"A","S",96,0,1,0,NA,NA,NA,NA,"Reproductive",0.857875,0.470875,0.246875,0.8478125,0.4723125,0.2428125,0.520979166666667,21,"7Wild","D"
"348",348,7,1,"D",0.049,0.048,0.048,0.052,"30/08/2018",840301005,NA,"M","Low",NA,"A",20,2,2,7,NA,"A","A","",0.055125,0.003407253,0.06534676,NA,"Wild",4,"A","S",88,2,0,6,0.792,5,21,0,"Reproductive",-0.006125,-0.007125,-0.007125,-0.0056875,-0.0046875,-0.0056875,-0.00535416666666667,NA,"7Wild","A"
"349",349,7,1,"E",0.655,0.377,0.218,0.052,"30/08/2018",841264332,NA,"M","High",NA,"DA",22,2,2,30,9,"DA","D","A",0.055125,0.003407253,0.06534676,NA,"Wild",1,"A","S",94,0,0,1,NA,NA,NA,NA,"Reproductive",0.599875,0.321875,0.162875,0.5948125,0.3213125,0.1628125,0.359645833333333,30,"7Wild","DA"
"350",350,7,1,"F",1.933,1.179,0.868,0.053,"28/08/2018",835338101,NA,"F","High",NA,"DD",27,2,2,54,35,"DD","D","D",0.055125,0.003407253,0.06534676,NA,"Wild",2,"A","L",90,0,0,0,NA,NA,NA,NA,"Reproductive",1.877875,1.123875,0.812875,1.8888125,1.1203125,0.8063125,1.2718125,54,"7Wild","DD"
"351",351,7,1,"G",0.442,0.254,0.155,0.055,"01/08/2018",841076790,NA,"F","Low",NA,"DA",23,3,3,29,8,"DA","D","A",0.055125,0.003407253,0.06534676,NA,"Wild",3,"A","G",80,1,0,0,NA,NA,NA,NA,"Reproductive",0.386875,0.198875,0.099875,0.3963125,0.2018125,0.1028125,0.233645833333333,29,"7Wild","DA"
"352",352,7,1,"H",0.642,0.357,0.215,0.06,"31/07/2018",835340593,NA,"M","High",NA,"DD",19,3,2,19,0,"D","D","",0.055125,0.003407253,0.06534676,NA,"Wild",2,"A","D",81,0,0,0,NA,NA,NA,NA,"Non-Reproductive",0.586875,0.301875,0.159875,0.5913125,0.3033125,0.1613125,0.351979166666667,19,"7Wild","D"
"353",353,8,1,"A",2.48,2.785,2.498,0.069,NA,NA,NA,NA,NA,NA,"Pos.Ctrl",NA,NA,NA,NA,NA,"Pos.Ctrl","P","os.Ctrl",0.060375,0.005475799,0.076802397,NA,"Wild",NA,NA,NA,NA,NA,NA,NA,NA,NA,NA,NA,NA,2.419625,2.724625,2.437625,2.3876875,2.6386875,2.4961875,2.50752083333333,NA,"8Wild","Pos.Ctrl"
"354",354,8,1,"B",2.146,1.831,1.415,0.057,NA,NA,NA,NA,NA,NA,"Pos.Ctrl",NA,NA,NA,NA,NA,"Pos.Ctrl","P","os.Ctrl",0.060375,0.005475799,0.076802397,NA,"Wild",NA,NA,NA,NA,NA,NA,NA,NA,NA,NA,NA,NA,2.085625,1.770625,1.354625,2.0391875,1.6791875,1.3266875,1.6816875,NA,"8Wild","Pos.Ctrl"
"355",355,8,1,"C",0.06,0.056,0.053,0.056,"21/08/2018",835339783,NA,"F","Low",NA,"AD",22,3,3,48,0,"A","A","",0.060375,0.005475799,0.076802397,NA,"Wild",4,"A","P",92,1,0,1,NA,NA,NA,NA,"Reproductive",-0.000375,-0.004375,-0.007375,-0.000812499999999997,-0.0038125,-0.0068125,-0.0038125,NA,"8Wild","A"
"356",356,8,1,"D",0.052,0.052,0.05,0.07,"10/07/2018",836622795,NA,"F","High",NA,NA,24.5,3,3,NA,NA,NA,NA,NA,0.060375,0.005475799,0.076802397,NA,"Wild",1,"A","NP",92,0,0,3,NA,NA,NA,NA,"Non-Reproductive",-0.008375,-0.008375,-0.010375,-0.0063125,-0.0083125,-0.0088125,-0.0078125,NA,"8Wild",NA
"357",357,8,1,"E",0.051,0.051,0.05,0.06,"24/07/2018",835319552,NA,"M","Low",NA,"AD",18.5,3,3,13,NA,"A","A","",0.060375,0.005475799,0.076802397,NA,"Wild",3,"A","S",86,0,1,1,NA,NA,NA,NA,"Reproductive",-0.009375,-0.009375,-0.010375,-0.0088125,-0.0078125,-0.0093125,-0.00864583333333333,NA,"8Wild","A"
"358",358,8,1,"F",0.051,0.06,0.05,0.055,"05/07/2018",836587780,NA,"F","High",NA,NA,22,2,3,NA,NA,NA,NA,NA,0.060375,0.005475799,0.076802397,NA,"Wild",1,"A","P",83,6,1,1,NA,NA,NA,NA,"Reproductive",-0.009375,-0.000375,-0.010375,-0.0078125,-0.0033125,-0.0093125,-0.0068125,NA,"8Wild",NA
"359",359,8,1,"G",0.075,0.065,0.055,0.057,"18/07/2018",835318081,NA,"M","High",NA,"D",15.5,3,4,6,NA,"D","D","",0.060375,0.005475799,0.076802397,NA,"Wild",1,"SA","A",80,0,0,0,NA,NA,NA,NA,"Non-Reproductive",0.014625,0.004625,-0.005375,0.0181875,0.00668750000000001,-0.000312499999999997,0.0081875,6,"8Wild","D"
"360",360,8,1,"H",0.637,0.062,0.343,0.059,"24/07/2018",836840260,NA,"M","Low",NA,"DA",17,3,4,12,NA,"D","D","",0.060375,0.005475799,0.076802397,NA,"Wild",3,"A","D",80,2,0,1,NA,NA,NA,NA,"Non-Reproductive",0.576625,0.001625,0.282625,0.5921875,0.00568750000000001,0.2886875,0.295520833333333,12,"8Wild","D"
"361",361,9,1,"A",2.33,1.534,1.063,0.071,NA,NA,NA,NA,NA,NA,"Pos.Ctrl",NA,NA,NA,NA,NA,"Pos.Ctrl","P","os.Ctrl",0.06525,0.011188722,0.098816166,NA,"Wild",NA,NA,NA,NA,NA,NA,NA,NA,NA,NA,NA,NA,2.26475,1.46875,0.99775,2.278,1.4575,1.007,1.58083333333333,NA,"9Wild","Pos.Ctrl"
"362",362,9,1,"B",2.298,1.489,0.848,0.091,NA,NA,NA,NA,NA,NA,"Pos.Ctrl",NA,NA,NA,NA,NA,"Pos.Ctrl","P","os.Ctrl",0.06525,0.011188722,0.098816166,NA,"Wild",NA,NA,NA,NA,NA,NA,NA,NA,NA,NA,NA,NA,2.23275,1.42375,0.78275,2.1395,1.369,0.799,1.43583333333333,NA,"9Wild","Pos.Ctrl"
"363",363,9,1,"C",0.057,0.056,0.054,0.057,"07/08/2018",836606009,NA,"M","High",NA,NA,27,2,3,NA,NA,NA,NA,NA,0.06525,0.011188722,0.098816166,NA,"Wild",1,"A","S",96,0,0,2,NA,NA,NA,NA,"Reproductive",-0.00825,-0.00925,-0.01125,-0.01,-0.013,-0.015,-0.0126666666666667,NA,"9Wild",NA
"364",364,9,1,"D",0.05,0.051,0.049,0.054,"05/09/2018",840307337,NA,"F","Low",NA,NA,21.5,2,3,NA,NA,NA,NA,NA,0.06525,0.011188722,0.098816166,NA,"Wild",4,"A","P",91,1,0,2,NA,NA,NA,NA,"Reproductive",-0.01525,-0.01425,-0.01625,-0.0175,-0.0185,-0.019,-0.0183333333333333,NA,"9Wild",NA
"365",365,9,1,"E",0.068,0.059,0.054,0.069,"23/08/2018",836610057,NA,"M","Low",NA,NA,25,2,3,NA,NA,NA,NA,NA,0.06525,0.011188722,0.098816166,NA,"Wild",3,"A","S",100,1,0,1,NA,NA,NA,NA,"Reproductive",0.00275,-0.00625000000000001,-0.01125,-0.000499999999999994,-0.009,-0.0145,-0.008,NA,"9Wild",NA
"366",366,9,1,"F",0.053,0.051,0.048,0.059,"02/08/2018",835339783,NA,"F","High",NA,"AD",22,3,3,29,NA,"A","A","",0.06525,0.011188722,0.098816166,NA,"Wild",1,"A","P",85,0,0,1,NA,NA,NA,NA,"Reproductive",-0.01225,-0.01425,-0.01725,-0.0085,-0.0145,-0.018,-0.0136666666666667,NA,"9Wild","A"
"367",367,9,1,"G",0.053,0.052,0.052,0.063,"25/07/2018",836841279,NA,"F","Low",NA,"AD",21,3,4,20,1,"AD","A","D",0.06525,0.011188722,0.098816166,NA,"Wild",3,"A","NP",82,3,0,0,NA,NA,NA,NA,"Non-Reproductive",-0.01225,-0.01325,-0.01325,-0.0125,-0.0125,-0.012,-0.0123333333333333,1,"9Wild","A"
"368",368,9,1,"H",0.058,0.053,0.054,0.058,"01/08/2018",836599627,NA,"M","Low",NA,NA,27,2,3,NA,NA,NA,NA,NA,0.06525,0.011188722,0.098816166,NA,"Wild",3,"A","S",85,0,0,0,NA,NA,NA,NA,"Reproductive",-0.00725,-0.01225,-0.01125,0.000500000000000004,-0.015,-0.0085,-0.00766666666666666,NA,"9Wild",NA
"369",369,10,1,"A",2.128,1.506,0.89,0.069,NA,NA,NA,NA,NA,NA,"Pos.Ctrl",NA,NA,NA,NA,NA,"Pos.Ctrl","P","os.Ctrl",0.065125,0.005254462,0.080888387,NA,"Wild",NA,NA,NA,NA,NA,NA,NA,NA,NA,NA,NA,NA,2.062875,1.440875,0.824875,2.010625,1.400625,0.816625,1.40929166666667,NA,"10Wild","Pos.Ctrl"
"370",370,10,1,"B",2.257,1.569,0.9,0.073,NA,NA,NA,NA,NA,NA,"Pos.Ctrl",NA,NA,NA,NA,NA,"Pos.Ctrl","P","os.Ctrl",0.065125,0.005254462,0.080888387,NA,"Wild",NA,NA,NA,NA,NA,NA,NA,NA,NA,NA,NA,NA,2.191875,1.503875,0.834875,2.067625,1.458625,0.836125,1.454125,NA,"10Wild","Pos.Ctrl"
"371",371,10,1,"C",0.628,0.353,0.197,0.069,"26/07/2018",835340593,NA,"M","Low",NA,"DD",19,3,3,14,NA,"D","D","",0.065125,0.005254462,0.080888387,NA,"Wild",3,"A","S",75,0,0,0,NA,NA,NA,NA,"Reproductive",0.562875,0.287875,0.131875,0.569625,0.281625,0.133125,0.328125,14,"10Wild","D"
"372",372,10,1,"D",0.066,0.062,0.056,0.063,"07/08/2018",841089838,NA,"M","High",NA,"D",28,2,2,7,NA,"D","D","",0.065125,0.005254462,0.080888387,NA,"Wild",2,"A","S",100,3,0,2,NA,NA,NA,NA,"Reproductive",0.000875000000000001,-0.003125,-0.009125,-0.000374999999999993,-0.005375,-0.010375,-0.005375,7,"10Wild","D"
"373",373,10,1,"E",0.564,0.306,0.185,0.055,"05/09/2018",841264332,NA,"M","High",NA,"DA",23.5,2,3,36,15,"DA","D","A",0.065125,0.005254462,0.080888387,NA,"Wild",1,"A","S",85,1,0,5,0.776,17,8,77,"Reproductive",0.498875,0.240875,0.119875,0.517125,0.241125,0.125625,0.294625,36,"10Wild","DA"
"374",374,10,1,"F",0.06,0.061,0.054,0.064,"23/08/2018",835339783,NA,"F","Low",NA,"AD",25,3,3,50,2,"AD","A","D",0.065125,0.005254462,0.080888387,NA,"Wild",4,"A","P",93,0,0,0,NA,NA,NA,NA,"Reproductive",-0.005125,-0.004125,-0.011125,0.000125,-0.006875,-0.012375,-0.006375,2,"10Wild","A"
"375",375,10,1,"G",0.166,0.114,0.08,0.067,"07/08/2018",835346074,NA,"M","High",NA,"AD",25.5,2,2,26,7,"AD","A","D",0.065125,0.005254462,0.080888387,NA,"Wild",1,"A","S",90,1,0,0,NA,NA,NA,NA,"Reproductive",0.100875,0.048875,0.014875,0.105625,0.051125,0.012125,0.0562916666666667,7,"10Wild","AD"
"376",376,10,1,"H",0.066,0.062,0.07,0.061,"14/08/2018",840121589,NA,"F","Low",NA,"D",16,2,2,6,NA,"D","D","",0.065125,0.005254462,0.080888387,NA,"Wild",4,"SA","P",60,0,0,0,NA,NA,NA,NA,"Reproductive",0.000875000000000001,-0.003125,0.004875,0.005625,-0.001875,0.004125,0.002625,6,"10Wild","D"
"377",377,11,1,"A",2.231,1.491,0.912,0.067,NA,NA,NA,NA,NA,NA,"Pos.Ctrl",NA,NA,NA,NA,NA,"Pos.Ctrl","P","os.Ctrl",0.05475,0.005214163,0.07039249,NA,"Wild",NA,NA,NA,NA,NA,NA,NA,NA,NA,NA,NA,NA,2.17625,1.43625,0.85725,2.1175625,1.4390625,0.8725625,1.47639583333333,NA,"11Wild","Pos.Ctrl"
"378",378,11,1,"B",2.406,1.476,0.915,0.053,NA,NA,NA,NA,NA,NA,"Pos.Ctrl",NA,NA,NA,NA,NA,"Pos.Ctrl","P","os.Ctrl",0.05475,0.005214163,0.07039249,NA,"Wild",NA,NA,NA,NA,NA,NA,NA,NA,NA,NA,NA,NA,2.35125,1.42125,0.86025,2.1645625,1.4015625,0.8520625,1.47272916666667,NA,"11Wild","Pos.Ctrl"
"379",379,11,1,"C",0.239,0.144,0.092,0.052,"25/07/2018",841093014,NA,"F","High",NA,"DD",23.5,3,3,21,1,"DD","D","D",0.05475,0.005214163,0.07039249,NA,"Wild",2,"A","P",85,3,0,3,NA,NA,NA,NA,"Reproductive",0.18425,0.08925,0.03725,0.1845625,0.0900625,0.0400625,0.104895833333333,21,"11Wild","D"
"380",380,11,1,"D",0.051,0.058,0.075,0.051,"04/07/2018",836622795,NA,"F","High",NA,NA,24.5,3,2,NA,NA,NA,NA,NA,0.05475,0.005214163,0.07039249,NA,"Wild",1,"A","P",90,4,1,5,NA,NA,NA,NA,"Reproductive",-0.00375,0.00325,0.02025,-0.0019375,0.0020625,0.0105625,0.0035625,NA,"11Wild",NA
"381",381,11,1,"E",0.053,0.061,0.054,0.053,"07/08/2018",841092547,NA,"F","High",NA,"A",25.5,2,2,0,NA,"A","A","",0.05475,0.005214163,0.07039249,NA,"Wild",2,"A","L",90,5,0,1,NA,NA,NA,NA,"Reproductive",-0.00175,0.00625,-0.000750000000000001,0.0020625,0.0065625,0.0010625,0.00322916666666667,NA,"11Wild","A"
"382",382,11,1,"F",1.517,0.88,0.526,0.059,"05/09/2018",840288296,NA,"F","High",NA,"D",14.5,2,3,15,NA,"D","D","",0.05475,0.005214163,0.07039249,NA,"Wild",1,"A","NP",85,0,0,1,NA,NA,NA,NA,"Non-Reproductive",1.46225,0.82525,0.47125,1.4200625,0.8315625,0.4655625,0.905729166666667,15,"11Wild","D"
"383",383,11,1,"G",0.058,0.054,0.051,0.052,"10/07/2018",15605817,NA,"M","High",NA,NA,25,2,2,NA,NA,NA,NA,NA,0.05475,0.005214163,0.07039249,NA,"Wild",2,"A","S",85,2,0,0,NA,NA,NA,NA,"Reproductive",0.00325,-0.000750000000000001,-0.00375,0.0065625,-0.0004375,0.0030625,0.0030625,NA,"11Wild",NA
"384",384,11,1,"H",3.017,2.639,2.116,0.051,"01/08/2018",841108291,NA,"F","Low",NA,"DD",19.5,2,3,27,8,"DD","D","D",0.05475,0.005214163,0.07039249,NA,"Wild",4,"A","P",92,0,0,0,NA,NA,NA,NA,"Reproductive",2.96225,2.58425,2.06125,2.8620625,2.5435625,2.0480625,2.4845625,27,"11Wild","DD"
"385",385,12,1,"A",2.095,1.473,0.942,0.061,NA,NA,NA,NA,NA,NA,"Pos.Ctrl",NA,NA,NA,NA,NA,"Pos.Ctrl","P","os.Ctrl",0.05775,0.005117372,0.073102117,NA,"Wild",NA,NA,NA,NA,NA,NA,NA,NA,NA,NA,NA,NA,2.03725,1.41525,0.88425,2.0374375,1.3784375,0.8589375,1.4249375,NA,"12Wild","Pos.Ctrl"
"386",386,12,1,"B",2.169,1.492,0.956,0.062,NA,NA,NA,NA,NA,NA,"Pos.Ctrl",NA,NA,NA,NA,NA,"Pos.Ctrl","P","os.Ctrl",0.05775,0.005117372,0.073102117,NA,"Wild",NA,NA,NA,NA,NA,NA,NA,NA,NA,NA,NA,NA,2.11125,1.43425,0.89825,2.0649375,1.4329375,0.8924375,1.4634375,NA,"12Wild","Pos.Ctrl"
"387",387,12,1,"C",0.838,0.497,0.278,0.057,"16/08/2018",841089838,NA,"M","High",NA,"D",25,3,3,16,NA,"D","D","",0.05775,0.005117372,0.073102117,NA,"Wild",2,"A","S",98,2,0,3,NA,NA,NA,NA,"Reproductive",0.78025,0.43925,0.22025,0.7919375,0.4469375,0.2274375,0.488770833333333,16,"12Wild","D"
"388",388,12,1,"D",0.946,0.521,0.293,0.051,"21/08/2018",841093014,NA,"F","High",NA,"DD",22,2,2,48,28,"DD","D","D",0.05775,0.005117372,0.073102117,NA,"Wild",2,"A","P",75,1,0,0,NA,24,0,0,"Reproductive",0.88825,0.46325,0.23525,0.8544375,0.4584375,0.2369375,0.516604166666667,48,"12Wild","DD"
"389",389,12,1,"E",1.965,1.279,0.762,0.051,"07/08/2018",836840260,NA,"M","High",NA,"DA",17,2,2,26,7,"DA","D","A",0.05775,0.005117372,0.073102117,NA,"Wild",2,"A","D",79,1,0,0,NA,NA,NA,NA,"Non-Reproductive",1.90725,1.22125,0.70425,1.9244375,1.2279375,0.7099375,1.2874375,26,"12Wild","DA"
"390",390,12,1,"F",0.048,0.053,0.048,0.067,"05/09/2018",841077105,NA,"F","High",NA,"A",17.5,2,3,43,NA,"A","A","",0.05775,0.005117372,0.073102117,NA,"Wild",1,"A","NP",85,1,0,0,NA,NA,NA,NA,"Non-Reproductive",-0.00975,-0.00475,-0.00975,-0.0065625,-0.0035625,-0.0040625,-0.00472916666666667,NA,"12Wild","A"
"391",391,12,1,"G",0.047,0.048,0.047,0.057,"26/07/2018",835339783,NA,"F","High",NA,"AD",25,2,2,22,NA,"A","A","",0.05775,0.005117372,0.073102117,NA,"Wild",1,"A","G",90,2,0,0,NA,NA,NA,NA,"Reproductive",-0.01075,-0.00975,-0.01075,-0.0085625,-0.0095625,-0.0065625,-0.00822916666666667,NA,"12Wild","A"
"392",392,12,1,"H",0.741,0.44,0.246,0.056,"01/08/2018",836859050,NA,"M","High",NA,"DA",27.5,3,4,22,1,"DA","D","A",0.05775,0.005117372,0.073102117,NA,"Wild",2,"A","S",94,1,0,1,NA,NA,NA,NA,"Reproductive",0.68325,0.38225,0.18825,0.6969375,0.3799375,0.1954375,0.424104166666667,22,"12Wild","D"
"393",393,13,1,"A",2.196,1.637,1.088,0.064,NA,NA,NA,NA,NA,NA,"Pos.Ctrl",NA,NA,NA,NA,NA,"Pos.Ctrl","P","os.Ctrl",0.0595,0.004213075,0.072139225,NA,"Wild",NA,NA,NA,NA,NA,NA,NA,NA,NA,NA,NA,NA,2.1365,1.5775,1.0285,2.09675,1.56225,1.03325,1.56408333333333,NA,"13Wild","Pos.Ctrl"
"394",394,13,1,"B",2.077,1.455,0.921,0.063,NA,NA,NA,NA,NA,NA,"Pos.Ctrl",NA,NA,NA,NA,NA,"Pos.Ctrl","P","os.Ctrl",0.0595,0.004213075,0.072139225,NA,"Wild",NA,NA,NA,NA,NA,NA,NA,NA,NA,NA,NA,NA,2.0175,1.3955,0.8615,1.97225,1.39275,0.85575,1.40691666666667,NA,"13Wild","Pos.Ctrl"
"395",395,13,1,"C",0.051,0.051,0.052,0.053,"21/08/2018",836622795,NA,"F","High",NA,NA,26,2,2,NA,NA,NA,NA,NA,0.0595,0.004213075,0.072139225,NA,"Wild",1,"A","L",90,0,0,1,NA,NA,NA,NA,"Reproductive",-0.0085,-0.0085,-0.0075,-0.00775,-0.00825,-0.00375,-0.00658333333333333,NA,"13Wild",NA
"396",396,13,1,"D",0.056,0.053,0.054,0.054,"24/07/2018",835346074,NA,"M","High",NA,"AD",26,2,2,12,NA,"A","A","",0.0595,0.004213075,0.072139225,NA,"Wild",1,"A","S",80,3,0,0,NA,NA,NA,NA,"Reproductive",-0.0035,-0.0065,-0.0055,-0.00325,-0.00575,-0.00275,-0.00391666666666667,NA,"13Wild","A"
"397",397,13,1,"E",0.056,0.052,0.068,0.056,"31/07/2018",835319552,NA,"M","Low",NA,"AD",19.5,2,2,20,0,"A","A","",0.0595,0.004213075,0.072139225,NA,"Wild",3,"A","D",83,0,0,1,NA,NA,NA,NA,"Non-Reproductive",-0.0035,-0.0075,0.00850000000000001,-0.000749999999999997,-0.00475,0.01075,0.00175,NA,"13Wild","A"
"398",398,13,1,"F",2.902,2.365,2.013,0.063,"07/08/2018",841108291,NA,"F","Low",NA,"DD",22.5,2,3,33,14,"DD","D","D",0.0595,0.004213075,0.072139225,NA,"Wild",4,"A","P",86,0,1,2,NA,NA,NA,NA,"Reproductive",2.8425,2.3055,1.9535,2.79975,2.22075,1.88725,2.30258333333333,33,"13Wild","DD"
"399",399,13,1,"G",2.799,2.178,1.601,0.06,"28/08/2018",841090031,NA,"M","Low",NA,"DD",15,2,3,34,14,"DD","D","D",0.0595,0.004213075,0.072139225,NA,"Wild",3,"A",NA,70,0,0,3,0.109,5,3,0,NA,2.7395,2.1185,1.5415,2.66775,2.11075,1.57625,2.11825,34,"13Wild","DD"
"400",400,13,1,"H",0.068,0.061,0.061,0.063,NA,NA,NA,NA,NA,NA,NA,NA,NA,NA,NA,NA,NA,NA,NA,0.0595,0.004213075,0.072139225,NA,"Wild",NA,NA,NA,NA,NA,NA,NA,NA,NA,NA,NA,NA,0.00850000000000001,0.0015,0.0015,0.01275,0.00725,0.00325,0.00775,NA,"13Wild",NA
"401",401,14,1,"A",2.304,1.7,1.016,0.065,NA,NA,NA,NA,NA,NA,"Pos.Ctrl",NA,NA,NA,NA,NA,"Pos.Ctrl","P","os.Ctrl",0.063375,0.004922842,0.078143527,NA,"Wild",NA,NA,NA,NA,NA,NA,NA,NA,NA,NA,NA,NA,2.240625,1.636625,0.952625,2.22775,1.56175,0.94925,1.57958333333333,NA,"14Wild","Pos.Ctrl"
"402",402,14,1,"B",2.095,1.577,0.961,0.058,NA,NA,NA,NA,NA,NA,"Pos.Ctrl",NA,NA,NA,NA,NA,"Pos.Ctrl","P","os.Ctrl",0.063375,0.004922842,0.078143527,NA,"Wild",NA,NA,NA,NA,NA,NA,NA,NA,NA,NA,NA,NA,2.031625,1.513625,0.897625,2.01875,1.46925,0.87975,1.45591666666667,NA,"14Wild","Pos.Ctrl"
"403",403,14,1,"C",1.115,0.673,0.403,0.061,"05/09/2018",841104851,NA,"M","Low",NA,"DA",20,3,3,34,15,"DA","D","A",0.063375,0.004922842,0.078143527,NA,"Wild",3,"A","D",87,1,0,3,0.45,8,0,1,"Non-Reproductive",1.051625,0.609625,0.339625,1.06425,0.58825,0.32875,0.660416666666667,34,"14Wild","DA"
"404",404,14,1,"D",0.26,0.163,0.105,0.065,"07/08/2018",836613123,NA,"M","High",NA,"DD",19,3,2,7,NA,"D","D","",0.063375,0.004922842,0.078143527,NA,"Wild",2,"A","D",82,0,0,5,NA,NA,NA,NA,"Non-Reproductive",0.196625,0.099625,0.041625,0.20475,0.10025,0.04275,0.115916666666667,7,"14Wild","D"
"405",405,14,1,"E",2.935,2.505,2.387,0.056,"21/08/2018",841098806,NA,"F","Low",NA,"DD",16,3,3,27,7,"DD","D","D",0.063375,0.004922842,0.078143527,NA,"Wild",3,"A","P",81,0,0,0,NA,NA,NA,NA,"Reproductive",2.871625,2.441625,2.323625,2.89125,2.29375,2.31525,2.50008333333333,27,"14Wild","DD"
"406",406,14,1,"F",0.426,0.255,0.153,0.063,"14/08/2018",836866272,NA,"F","High",NA,"DA",25.5,2,3,35,14,"DA","D","A",0.063375,0.004922842,0.078143527,NA,"Wild",2,"A","G",80,0,0,0,NA,NA,NA,NA,"Reproductive",0.362625,0.191625,0.089625,0.37925,0.19275,0.09475,0.22225,35,"14Wild","DA"
"407",407,14,1,"G",1.289,0.853,0.489,0.066,"08/08/2018",835338025,NA,"F","High",NA,"D",22.5,2,3,14,NA,"D","D","",0.063375,0.004922842,0.078143527,NA,"Wild",2,"A","P",87,0,0,6,NA,NA,NA,NA,"Reproductive",1.225625,0.789625,0.425625,1.24775,0.78475,0.43075,0.821083333333333,14,"14Wild","D"
"408",408,14,1,"H",1.752,1.22,0.709,0.073,"01/08/2018",836840794,NA,"M","Low",NA,"DD",28,3,3,27,1,"DD","D","D",0.063375,0.004922842,0.078143527,NA,"Wild",4,"A","S",94,0,0,4,NA,NA,NA,NA,"Reproductive",1.688625,1.156625,0.645625,1.70275,1.14325,0.64425,1.16341666666667,27,"14Wild","D"
"409",409,15,1,"A",2.236,1.624,0.997,0.083,NA,NA,NA,NA,NA,NA,"Pos.Ctrl",NA,NA,NA,NA,NA,"Pos.Ctrl","P","os.Ctrl",0.069285714,0.01072666,0.101465693,NA,"Wild",NA,NA,NA,NA,NA,NA,NA,NA,NA,NA,NA,NA,2.166714286,1.554714286,0.927714286,2.099357143,1.510857143,0.904357143,1.504857143,NA,"15Wild","Pos.Ctrl"
"410",410,15,1,"B",2.189,1.598,0.973,0.21,NA,NA,NA,NA,NA,NA,"Pos.Ctrl",NA,NA,NA,NA,NA,"Pos.Ctrl","P","os.Ctrl",0.069285714,0.01072666,0.101465693,NA,"Wild",NA,NA,NA,NA,NA,NA,NA,NA,NA,NA,NA,NA,2.119714286,1.528714286,0.903714286,2.073857143,1.471857143,0.882857143,1.47619047633333,NA,"15Wild","Pos.Ctrl"
"411",411,15,1,"C",0.727,0.43,0.239,0.088,"28/08/2018",840288296,NA,"F","High",NA,"D",15.5,3,3,7,NA,"D","D","",0.069285714,0.01072666,0.101465693,NA,"Wild",1,"A","NP",83,0,0,3,NA,NA,NA,NA,"Non-Reproductive",0.657714286,0.360714286,0.169714286,0.668357143,0.342357143,0.163357143,0.391357143,7,"15Wild","D"
"412",412,15,1,"D",0.05,0.052,0.052,0.062,"05/09/2018",840289049,NA,"F","Low",NA,"A",12.5,3,3,15,NA,"A","A","",0.069285714,0.01072666,0.101465693,NA,"Wild",4,"A","NP",79,2,0,0,NA,NA,NA,NA,"Non-Reproductive",-0.019285714,-0.017285714,-0.017285714,-0.020642857,-0.021142857,-0.018642857,-0.020142857,NA,"15Wild","A"
"413",413,15,1,"E",2.157,1.561,0.914,0.059,"07/08/2018",835340593,NA,"M","High",NA,"DD",20,2,2,26,7,"DD","D","D",0.069285714,0.01072666,0.101465693,NA,"Wild",2,"A","D",91,1,1,1,NA,NA,NA,NA,"Non-Reproductive",2.087714286,1.491714286,0.844714286,1.992857143,1.411857143,0.850857143,1.41852380966667,26,"15Wild","DD"
"414",414,15,1,"F",1.577,0.965,0.546,0.063,"07/08/2018",835340005,NA,"M","High",NA,"DD",26.5,2,3,34,14,"DD","D","D",0.069285714,0.01072666,0.101465693,NA,"Wild",1,"A","S",99,0,0,0,0.888,17,1,2,"Reproductive",1.507714286,0.895714286,0.476714286,1.481357143,0.870357143,0.483857143,0.945190476333333,34,"15Wild","DD"
"415",415,15,1,"G",0.213,0.132,0.087,0.061,"31/07/2018",841084077,NA,"M","High",NA,"D",18.5,2,3,6,NA,"D","D","",0.069285714,0.01072666,0.101465693,NA,"Wild",1,"A","D",90,0,0,0,NA,NA,NA,NA,"Non-Reproductive",0.143714286,0.062714286,0.017714286,0.151357143,0.063357143,0.019357143,0.0780238096666667,6,"15Wild","D"
"416",416,15,1,"H",2.039,1.525,0.901,0.069,"28/08/2018",841108291,NA,"F","Low",NA,"DD",18,2,2,NA,NA,"DDD","D","DD",0.069285714,0.01072666,0.101465693,NA,"Wild",4,"A","P",81,1,0,0,NA,9,27,0,"Reproductive",1.969714286,1.455714286,0.831714286,1.979857143,1.447857143,0.867357143,1.43169047633333,NA,"15Wild","DDD"
"417",417,16,1,"A",2.307,1.622,1.067,0.077,NA,NA,NA,NA,NA,NA,"Pos.Ctrl",NA,NA,NA,NA,NA,"Pos.Ctrl","P","os.Ctrl",0.0655,0.005809475,0.082928425,NA,"Wild",NA,NA,NA,NA,NA,NA,NA,NA,NA,NA,NA,NA,2.2415,1.5565,1.0015,2.2481875,1.5496875,0.9861875,1.5946875,NA,"16Wild","Pos.Ctrl"
"418",418,16,1,"B",2.089,1.486,0.91,0.066,NA,NA,NA,NA,NA,NA,"Pos.Ctrl",NA,NA,NA,NA,NA,"Pos.Ctrl","P","os.Ctrl",0.0655,0.005809475,0.082928425,NA,"Wild",NA,NA,NA,NA,NA,NA,NA,NA,NA,NA,NA,NA,2.0235,1.4205,0.8445,2.0391875,1.4026875,0.8371875,1.42635416666667,NA,"16Wild","Pos.Ctrl"
"419",419,16,1,"C",1.02,0.6,0.339,0.065,"25/07/2018",836859050,NA,"M","High",NA,"DA",28.5,3,3,15,NA,"D","D","",0.0655,0.005809475,0.082928425,NA,"Wild",2,"A","S",95,3,0,5,NA,NA,NA,NA,"Reproductive",0.9545,0.5345,0.2735,0.9551875,0.5326875,0.2646875,0.5841875,15,"16Wild","D"
"420",420,16,1,"D",1.822,1.271,0.734,0.06,"24/07/2018",835338101,NA,"F","High",NA,"DD",24,2,2,19,0,"D","D","",0.0655,0.005809475,0.082928425,NA,"Wild",2,"A","P",85,0,0,0,NA,NA,NA,NA,"Reproductive",1.7565,1.2055,0.6685,1.7316875,1.1786875,0.6561875,1.18885416666667,19,"16Wild","D"
"421",421,16,1,"E",0.068,0.07,0.06,0.057,"06/09/2018",841079006,NA,"M","High",NA,"D",23.5,2,3,50,NA,"D","D","",0.0655,0.005809475,0.082928425,NA,"Wild",2,"A","S",90,1,0,3,NA,NA,NA,NA,"Reproductive",0.0025,0.0045,-0.0055,0.0081875,0.0046875,-0.00681250000000001,0.00202083333333333,50,"16Wild","D"
"422",422,16,1,"F",0.731,0.417,0.234,0.071,"26/07/2018",841265814,NA,"M","Low",NA,"DA",28.5,2,2,23,NA,"D","D","",0.0655,0.005809475,0.082928425,NA,"Wild",3,"A","S",105,1,1,0,NA,NA,NA,NA,"Reproductive",0.6655,0.3515,0.1685,0.6666875,0.3511875,0.1711875,0.396354166666667,23,"16Wild","D"
"423",423,16,1,"G",2.261,1.688,1.045,0.064,"06/09/2018",835315094,NA,"F","Low",NA,"DD",17.5,3,2,37,16,"DD","D","D",0.0655,0.005809475,0.082928425,NA,"Wild",3,"A","G",80,3,0,1,NA,2,0,0,"Reproductive",2.1955,1.6225,0.9795,2.1336875,1.5876875,1.0011875,1.5741875,37,"16Wild","DD"
"424",424,16,1,"H",1.542,0.95,0.561,0.064,"31/07/2018",836840794,NA,"M","Low",NA,"DD",23,3,3,26,0,"D","D","",0.0655,0.005809475,0.082928425,NA,"Wild",4,"A","S",90,0,0,3,NA,NA,NA,NA,"Reproductive",1.4765,0.8845,0.4955,1.4731875,0.8841875,0.4961875,0.9511875,26,"16Wild","D"
"425",425,17,1,"A",2.307,1.748,1.152,0.076,NA,NA,NA,NA,NA,NA,"Pos.Ctrl",NA,NA,NA,NA,NA,"Pos.Ctrl","P","os.Ctrl",0.069125,0.006352903,0.088183709,NA,"Wild",NA,NA,NA,NA,NA,NA,NA,NA,NA,NA,NA,NA,2.237875,1.678875,1.082875,2.2389375,1.7049375,1.1059375,1.68327083333333,NA,"17Wild","Pos.Ctrl"
"426",426,17,1,"B",2.064,1.404,0.883,0.059,NA,NA,NA,NA,NA,NA,"Pos.Ctrl",NA,NA,NA,NA,NA,"Pos.Ctrl","P","os.Ctrl",0.069125,0.006352903,0.088183709,NA,"Wild",NA,NA,NA,NA,NA,NA,NA,NA,NA,NA,NA,NA,1.994875,1.334875,0.813875,2.0014375,1.3334375,0.7969375,1.37727083333333,NA,"17Wild","Pos.Ctrl"
"427",427,17,1,"C",0.052,0.052,0.052,0.076,"10/07/2018",836599627,NA,"M","High",NA,NA,27,3,4,NA,NA,NA,NA,NA,0.069125,0.006352903,0.088183709,NA,"Wild",1,"A","S",85,9,0,1,NA,NA,NA,NA,"Reproductive",-0.017125,-0.017125,-0.017125,-0.0190625,-0.0205625,-0.0195625,-0.0197291666666667,NA,"17Wild",NA
"428",428,17,1,"D",0.052,0.054,0.053,0.066,"11/07/2018",15557845,NA,"F","High",NA,NA,24,2,2,NA,NA,NA,NA,NA,0.069125,0.006352903,0.088183709,NA,"Wild",2,"A","P",80,NA,0,0,NA,NA,NA,NA,"Reproductive",-0.017125,-0.015125,-0.016125,-0.0185625,-0.0195625,-0.0195625,-0.0192291666666667,NA,"17Wild",NA
"429",429,17,1,"E",0.061,0.057,0.052,0.068,"05/09/2018",836583578,NA,"M","High",NA,"D",19,2,2,36,NA,"D","D","",0.069125,0.006352903,0.088183709,NA,"Wild",2,"A","A",83,4,0,0,NA,NA,NA,NA,"Non-Reproductive",-0.00812500000000001,-0.012125,-0.017125,-0.00656250000000001,-0.0150625,-0.0195625,-0.0137291666666667,36,"17Wild","D"
"430",430,17,1,"F",1.56,0.943,0.576,0.078,"28/08/2018",836613123,NA,"M","High",NA,"DD",18,2,2,28,0,"D","D","",0.069125,0.006352903,0.088183709,NA,"Wild",2,"A","S",78,1,0,4,NA,NA,NA,NA,"Reproductive",1.490875,0.873875,0.506875,1.4729375,0.8629375,0.5049375,0.9469375,28,"17Wild","D"
"431",431,17,1,"G",0.06,0.054,0.054,0.064,"24/07/2018",841106371,NA,"M","High",NA,"AD",24.5,2,2,19,NA,"A","A","",0.069125,0.006352903,0.088183709,NA,"Wild",2,"A","S",90,0,0,0,NA,NA,NA,NA,"Reproductive",-0.00912500000000001,-0.015125,-0.015125,-0.0105625,-0.0170625,-0.0155625,-0.0143958333333333,NA,"17Wild","A"
"432",432,17,1,"H",0.056,0.053,0.061,0.066,"21/08/2018",836599627,NA,"M","Low",NA,NA,25,2,3,NA,NA,NA,NA,NA,0.069125,0.006352903,0.088183709,NA,"Wild",3,"A","S",98,6,0,1,NA,NA,NA,NA,"Reproductive",-0.013125,-0.016125,-0.00812500000000001,-0.00956250000000001,-0.0165625,-0.0055625,-0.0105625,NA,"17Wild",NA
"433",433,18,1,"A",2.311,1.554,1.016,0.073,NA,NA,NA,NA,NA,NA,"Pos.Ctrl",NA,NA,NA,NA,NA,"Pos.Ctrl","P","os.Ctrl",0.0615,0.006751543,0.081754629,NA,"Wild",NA,NA,NA,NA,NA,NA,NA,NA,NA,NA,NA,NA,2.2495,1.4925,0.9545,2.2690833335,1.4920833335,0.9625833335,1.5745833335,NA,"18Wild","Pos.Ctrl"
"434",434,18,1,"B",2.278,1.653,1.038,0.068,NA,NA,NA,NA,NA,NA,"Pos.Ctrl",NA,NA,NA,NA,NA,"Pos.Ctrl","P","os.Ctrl",0.0615,0.006751543,0.081754629,NA,"Wild",NA,NA,NA,NA,NA,NA,NA,NA,NA,NA,NA,NA,2.2165,1.5915,0.9765,2.2270833335,1.5815833335,0.9755833335,1.59475000016667,NA,"18Wild","Pos.Ctrl"
"435",435,18,1,"C",1.677,1.122,0.643,0.057,"14/08/2018",841098806,NA,"F","Low",NA,"DD",15.5,2,2,20,0,"D","D","",0.0615,0.006751543,0.081754629,NA,"Wild",3,"A","P",65,0,0,2,NA,NA,NA,NA,"Reproductive",1.6155,1.0605,0.5815,1.6315833335,1.0360833335,0.5775833335,1.08175000016667,20,"18Wild","D"
"436",436,18,1,"D",0.117,0.287,0.154,0.054,"23/08/2018",841076790,NA,"F","Low",NA,"DA",21.5,2,2,51,30,"DA","D","A",0.0615,0.006751543,0.081754629,NA,"Wild",3,"A","L",92,0,0,0,NA,NA,NA,NA,"Reproductive",0.0555,0.2255,0.0925,0.0575833335,0.2305833335,0.0945833335,0.1275833335,51,"18Wild","DA"
"437",437,18,1,"E",0.69,0.41,0.23,0.12,"23/08/2018",840121589,NA,"F","Low",NA,"D",12.5,2,2,15,NA,"D","D","",0.0615,0.006751543,0.081754629,NA,"Wild",4,"SA","NP",68,1,0,1,NA,NA,NA,NA,"Non-Reproductive",0.6285,0.3485,0.1685,0.6530833335,0.3570833335,0.1720833335,0.3940833335,15,"18Wild","D"
"438",438,18,1,"F",1.096,0.665,0.372,0.06,"18/07/2018",835338101,NA,"F","High",NA,"DD",21,2,3,13,NA,"D","D","",0.0615,0.006751543,0.081754629,NA,"Wild",2,"A","P",81,0,0,4,NA,NA,NA,NA,"Reproductive",1.0345,0.6035,0.3105,1.0465833335,0.6055833335,0.3150833335,0.655750000166667,13,"18Wild","D"
"439",439,18,1,"G",0.768,0.437,0.256,0.057,"02/08/2018",835340593,NA,"M","Low",NA,"DD",18.5,3,3,21,2,"DD","D","D",0.0615,0.006751543,0.081754629,NA,"Wild",3,"A","S",78,0,0,0,NA,NA,NA,NA,"Reproductive",0.7065,0.3755,0.1945,0.7230833335,0.3785833335,0.1985833335,0.433416666833333,21,"18Wild","D"
"440",440,18,1,"H",2.757,2.404,1.744,0.311,"07/08/2018",835338101,NA,"F","High",NA,"DD",26,2,2,33,14,"DD","D","D",0.0615,0.006751543,0.081754629,NA,"Wild",2,"A","G",88,0,0,0,NA,NA,NA,NA,"Reproductive",2.6955,2.3425,1.6825,2.6540833335,2.3430833335,1.6965833335,2.23125000016667,33,"18Wild","DD"
"441",441,19,1,"A",2.281,1.706,1.13,0.066,NA,NA,NA,NA,NA,NA,"Pos.Ctrl",NA,NA,NA,NA,NA,"Pos.Ctrl","P","os.Ctrl",0.06325,0.006057021,0.081421062,NA,"Wild",NA,NA,NA,NA,NA,NA,NA,NA,NA,NA,NA,NA,2.21775,1.64275,1.06675,2.2393125,1.6358125,1.0453125,1.64014583333333,NA,"19Wild","Pos.Ctrl"
"442",442,19,1,"B",2.157,1.434,0.886,0.06,NA,NA,NA,NA,NA,NA,"Pos.Ctrl",NA,NA,NA,NA,NA,"Pos.Ctrl","P","os.Ctrl",0.06325,0.006057021,0.081421062,NA,"Wild",NA,NA,NA,NA,NA,NA,NA,NA,NA,NA,NA,NA,2.09375,1.37075,0.82275,2.0598125,1.3658125,0.7998125,1.40847916666667,NA,"19Wild","Pos.Ctrl"
"443",443,19,1,"C",1.931,1.263,0.79,0.069,"14/08/2018",836840260,NA,"M","Low",NA,"DA",16,2,2,33,14,"DA","D","A",0.06325,0.006057021,0.081421062,NA,"Wild",3,"A","D",77,0,0,1,0.131,2,105,0,"Non-Reproductive",1.86775,1.19975,0.72675,1.8468125,1.1963125,0.7273125,1.2568125,33,"19Wild","DA"
"444",444,19,1,"D",0.72,0.428,0.242,0.062,"14/08/2018",835346074,NA,"M","High",NA,"AD",27,3,3,33,14,"AD","A","D",0.06325,0.006057021,0.081421062,NA,"Wild",1,"A","S",80,12,0,0,0.973,20,3,3,"Reproductive",0.65675,0.36475,0.17875,0.6763125,0.3648125,0.1798125,0.406979166666667,14,"19Wild","AD"
"445",445,19,1,"E",1.575,0.979,0.571,0.054,"05/09/2018",835339783,NA,"F","Low",NA,"AD",17.5,2,2,63,15,"AD","A","D",0.06325,0.006057021,0.081421062,NA,"Wild",4,"A","NP",92,8,0,0,NA,22,0,0,"Non-Reproductive",1.51175,0.91575,0.50775,1.5593125,0.9393125,0.5078125,1.00214583333333,15,"19Wild","AD"
"446",446,19,1,"F",1.95,1.311,0.822,0.056,"14/08/2018",836840794,NA,"M","Low",NA,"DD",25,3,3,40,14,"DD","D","D",0.06325,0.006057021,0.081421062,NA,"Wild",4,"A","S",80,0,0,1,1.001,22,45,0,"Reproductive",1.88675,1.24775,0.75875,1.8868125,1.2383125,0.7613125,1.29547916666667,40,"19Wild","DD"
"447",447,19,1,"G",1.55,0.937,0.576,0.066,"14/08/2018",836841827,NA,"M","Low",NA,"AD",23,3,3,41,14,"AD","A","D",0.06325,0.006057021,0.081421062,NA,"Wild",4,"A","S",89,0,1,1,0.862,42,30,0,"Reproductive",1.48675,0.87375,0.51275,1.5053125,0.9053125,0.5203125,0.976979166666667,14,"19Wild","AD"
"448",448,19,1,"H",0.055,0.061,0.054,0.073,NA,NA,NA,NA,NA,NA,"Blank",NA,NA,NA,NA,NA,"Blank","B","lank",0.06325,0.006057021,0.081421062,NA,"Wild",NA,NA,NA,NA,NA,NA,NA,NA,NA,NA,NA,NA,-0.00825,-0.00225,-0.00925,-0.0051875,-0.0021875,-0.0056875,-0.00435416666666667,NA,"19Wild","Blank"
