ID,Block,Sex,Diet,Regimen,Weight,Fat_Scores_Dorsal,Fat_Scores_Pelvic,days_since_1st_trt,days_since_2nd_trt,days_since_1st_D_or_A,days_since_1st_D_inj,vax_history,blank_avg,blank_sd,cutoff_new,age_lab,Env,age_wild,repro,body_length_mm,ticks_total,fleas,mites,Testes,H_poly,Pinworms,Cestode,repro_bin,Col_5_bcen,Col_6_bcen,Col_7_bcen,Col_5_avg,Col_6_avg,Col_7_avg,OD_avg,OD,Fat_Scores_Sum,boost,ishigh,ismale,isrepro,isadult,islab,isvax,isHp,nHp
SUBJ-0001,1.0,M,Low,SC,21.5,,,35.0,14.0,35.0,35.0,DA,0.075375,0.00526274,0.091163219,135.0,Lab,,,,0,0,0,0.0,0,0,0,Non-Reproductive,2.514625,1.929625,1.321625,2.4205,1.9075,1.34,1.889333333,1.889333333,,0,0.0,1.0,0.0,1.0,1.0,1.0,0,0
SUBJ-0002,1.0,M,Low,ST,22.0,4.0,4.0,22.0,1.0,22.0,22.0,DD,0.076625,0.012129509,0.113013528,122.0,Lab,,,,0,0,0,0.0,0,0,0,Non-Reproductive,2.421375,2.112375,1.685375,2.358875,2.095375,1.671875,2.042041667,2.042041667,8.0,1,0.0,1.0,0.0,1.0,1.0,1.0,0,0
SUBJ-0002,1.0,M,Low,ST,22.5,,,35.0,14.0,35.0,35.0,DD,0.07225,0.010525479,0.103826438,135.0,Lab,,,,0,0,0,0.0,0,0,0,Non-Reproductive,2.90875,2.60175,2.36675,2.8465,2.646,2.4385,2.643666667,2.643666667,,1,0.0,1.0,0.0,1.0,1.0,1.0,0,0
SUBJ-0002,1.0,M,Low,ST,21.5,3.0,4.0,14.0,,14.0,14.0,D,0.10875,0.015809129,0.156177388,114.0,Lab,,,,0,0,0,0.0,0,0,0,Non-Reproductive,0.77925,0.42825,0.24625,0.798875,0.439375,0.253875,0.497375,0.497375,7.0,0,0.0,1.0,0.0,1.0,1.0,1.0,0,0
SUBJ-0002,1.0,M,Low,ST,21.5,3.0,4.0,17.0,,17.0,17.0,D,0.111875,0.026297406,0.190767219,117.0,Lab,,,,0,0,0,0.0,0,0,0,Non-Reproductive,1.930125,1.501125,1.000125,1.967875,1.524875,1.004875,1.499208333,1.499208333,7.0,0,0.0,1.0,0.0,1.0,1.0,1.0,0,0
SUBJ-0003,1.0,M,Low,PC,23.0,,,35.0,14.0,14.0,14.0,AD,0.0685,0.01011364,0.09884092,135.0,Lab,,,,0,0,0,0.0,0,0,0,Non-Reproductive,1.2935,0.8435,0.4695,1.2908125,0.8438125,0.4743125,0.869645833,0.869645833,,0,0.0,1.0,0.0,1.0,1.0,1.0,0,0
SUBJ-0003,1.0,M,Low,PC,22.0,3.0,4.0,17.0,,17.0,,A,0.0635,0.006824326,0.083972979,117.0,Lab,,,,0,0,0,0.0,0,0,0,Non-Reproductive,-0.0145,-0.0035,-0.0095,-0.006125,-0.006125,-0.007625,-0.006625,0.0,7.0,0,0.0,1.0,0.0,1.0,1.0,0.0,0,0
SUBJ-0003,1.0,M,Low,PC,22.0,3.0,4.0,14.0,,14.0,,A,0.0745,0.005042675,0.089628025,114.0,Lab,,,,0,0,0,0.0,0,0,0,Non-Reproductive,-0.0115,-0.0035,-0.0085,-0.004875,0.002625,-0.003875,-0.002041667,0.0,7.0,0,0.0,1.0,0.0,1.0,1.0,0.0,0,0
SUBJ-0004,1.0,M,Low,PC,25.0,,,35.0,14.0,14.0,14.0,AD,0.0635,0.006824326,0.083972979,106.0,Lab,,,,0,0,0,0.0,0,0,0,Non-Reproductive,0.9765,0.5745,0.2965,0.958375,0.561375,0.301375,0.607041667,0.607041667,,0,0.0,1.0,0.0,1.0,1.0,1.0,0,0
SUBJ-0004,1.0,M,Low,PC,23.5,3.0,4.0,14.0,,14.0,,A,0.10875,0.015809129,0.156177388,85.0,Lab,,,,0,0,0,0.0,0,0,0,Non-Reproductive,-0.04275,-0.02275,-0.04275,-0.030625,-0.023125,-0.031625,-0.028458333,0.0,7.0,0,0.0,1.0,0.0,1.0,1.0,0.0,0,0
SUBJ-0005,1.0,M,Low,ST,24.5,4.0,4.0,17.0,,17.0,17.0,D,0.070375,0.003925648,0.082151945,88.0,Lab,,,,0,0,0,0.0,0,0,0,Non-Reproductive,1.522625,0.980625,0.591625,1.4704375,0.9734375,0.5879375,1.010604167,1.010604167,8.0,0,0.0,1.0,0.0,1.0,1.0,1.0,0,0
SUBJ-0005,1.0,M,Low,ST,25.0,4.0,5.0,22.0,1.0,22.0,22.0,DD,0.075375,0.00526274,0.091163219,93.0,Lab,,,,0,0,0,0.0,0,0,0,Non-Reproductive,2.072625,1.527625,0.954625,2.0505,1.527,0.9415,1.506333333,1.506333333,9.0,1,0.0,1.0,0.0,1.0,1.0,1.0,0,0
SUBJ-0005,1.0,M,Low,ST,28.5,,,35.0,14.0,35.0,35.0,DD,0.10875,0.015809129,0.156177388,106.0,Lab,,,,0,0,0,0.0,0,0,0,Non-Reproductive,2.45825,2.13025,1.61725,2.488375,2.126875,1.638875,2.084708333,2.084708333,,1,0.0,1.0,0.0,1.0,1.0,1.0,0,0
SUBJ-0005,1.0,M,Low,ST,24.5,4.0,4.0,14.0,,14.0,14.0,D,0.11925,0.017685749,0.172307247,85.0,Lab,,,,0,0,0,0.0,0,0,0,Non-Reproductive,0.97375,0.59275,0.30975,0.979375,0.601375,0.315375,0.632041667,0.632041667,8.0,0,0.0,1.0,0.0,1.0,1.0,1.0,0,0
SUBJ-0006,1.0,M,Low,SC,23.5,4.0,4.0,14.0,,14.0,14.0,D,0.070125,0.006174545,0.088648634,68.0,Lab,,,,0,0,0,0.0,0,0,0,Non-Reproductive,1.459875,1.036875,0.640875,1.465125,1.033125,0.649125,1.049125,1.049125,8.0,0,0.0,1.0,0.0,1.0,1.0,1.0,0,0
SUBJ-0006,1.0,M,Low,SC,25.0,,,35.0,14.0,35.0,35.0,DA,0.07225,0.006341473,0.09127442,89.0,Lab,,,,0,0,0,0.0,0,0,0,Non-Reproductive,1.68375,1.10575,0.53875,1.70575,1.14625,0.54725,1.133083333,1.133083333,,0,0.0,1.0,0.0,1.0,1.0,1.0,0,0
SUBJ-0006,1.0,M,Low,SC,23.5,4.0,4.0,17.0,,17.0,17.0,D,0.120375,0.011500776,0.154877329,71.0,Lab,,,,0,0,0,0.0,0,0,0,Non-Reproductive,1.439625,0.956625,0.540625,1.4240625,0.9390625,0.5460625,0.969729167,0.969729167,8.0,0,0.0,1.0,0.0,1.0,1.0,1.0,0,0
SUBJ-0006,1.0,M,Low,SC,26.0,4.0,4.0,22.0,1.0,22.0,22.0,DA,0.090375,0.018376518,0.145504555,76.0,Lab,,,,0,0,0,0.0,0,0,0,Non-Reproductive,1.733625,1.175625,0.717625,1.7385,1.172,0.7235,1.211333333,1.211333333,8.0,0,0.0,1.0,0.0,1.0,1.0,1.0,0,0
SUBJ-0007,1.0,M,Low,SC,25.5,,,35.0,14.0,35.0,35.0,DA,0.06375,0.005650537,0.080701612,89.0,Lab,,,,0,0,0,0.0,0,0,0,Non-Reproductive,1.66325,1.18125,0.88325,1.61875,1.13975,0.86225,1.206916667,1.206916667,,0,0.0,1.0,0.0,1.0,1.0,1.0,0,0
SUBJ-0007,1.0,M,Low,SC,24.5,4.0,4.0,17.0,,17.0,17.0,D,0.1055,0.037496667,0.21799,71.0,Lab,,,,0,0,0,0.0,0,0,0,Non-Reproductive,1.8035,1.2415,0.8345,1.82675,1.25925,0.84875,1.311583333,1.311583333,8.0,0,0.0,1.0,0.0,1.0,1.0,1.0,0,0
SUBJ-0007,1.0,M,Low,SC,24.5,4.0,4.0,14.0,,14.0,14.0,D,0.10625,0.034656477,0.210219432,68.0,Lab,,,,0,0,0,0.0,0,0,0,Non-Reproductive,0.75075,0.40775,0.21675,0.76025,0.42575,0.23075,0.47225,0.47225,8.0,0,0.0,1.0,0.0,1.0,1.0,1.0,0,0
SUBJ-0008,1.0,M,Low,PC,24.0,3.0,3.0,17.0,,17.0,,A,0.07225,0.006341473,0.09127442,117.0,Lab,,,,0,0,0,0.0,0,0,0,Non-Reproductive,-0.01825,-0.02625,-0.01825,-0.01525,-0.02475,-0.01725,-0.019083333,0.0,6.0,0,0.0,1.0,0.0,1.0,1.0,0.0,0,0
SUBJ-0008,1.0,M,Low,PC,24.0,3.0,3.0,14.0,,14.0,,A,0.071125,0.00653425,0.090727751,114.0,Lab,,,,0,0,0,0.0,0,0,0,Non-Reproductive,-0.000125,0.047875,0.002875,-0.0096875,0.0128125,-0.0076875,-0.001520833,0.0,6.0,0,0.0,1.0,0.0,1.0,1.0,0.0,0,0
SUBJ-0008,1.0,M,Low,PC,23.0,,,35.0,14.0,14.0,14.0,AD,0.10875,0.014801062,0.153153185,135.0,Lab,,,,0,0,0,0.0,0,0,0,Non-Reproductive,1.62325,1.05425,0.64825,1.68725,1.11725,0.67275,1.159083333,1.159083333,,0,0.0,1.0,0.0,1.0,1.0,1.0,0,0
SUBJ-0008,1.0,M,Low,PC,23.0,3.0,4.0,22.0,1.0,1.0,1.0,AD,0.10625,0.034656477,0.210219432,122.0,Lab,,,,0,0,0,0.0,0,0,0,Non-Reproductive,-0.02125,-0.00725,-0.01925,-0.01575,-0.01925,-0.01075,-0.01525,0.0,7.0,0,0.0,1.0,0.0,1.0,1.0,1.0,0,0
SUBJ-0009,1.0,M,Low,ST,22.0,3.0,4.0,17.0,,17.0,17.0,D,0.070375,0.003925648,0.082151945,,Lab,,,,0,0,0,0.0,0,0,0,Non-Reproductive,1.829625,1.385625,0.921625,1.8179375,1.3634375,0.9029375,1.3614375,1.3614375,7.0,0,0.0,1.0,0.0,1.0,1.0,1.0,0,0
SUBJ-0009,1.0,M,Low,ST,22.0,,,35.0,14.0,35.0,35.0,DD,0.076625,0.012129509,0.113013528,,Lab,,,,0,0,0,0.0,0,0,0,Non-Reproductive,2.660375,2.469375,2.277375,2.655875,2.386375,2.308875,2.450375,2.450375,,1,0.0,1.0,0.0,1.0,1.0,1.0,0,0
SUBJ-0009,1.0,M,Low,ST,22.0,3.0,4.0,22.0,1.0,22.0,22.0,DD,0.11625,0.01454795,0.159893851,,Lab,,,,0,0,0,0.0,0,0,0,Non-Reproductive,1.50675,1.06375,0.65875,1.5565,1.0765,0.6735,1.102166667,1.102166667,7.0,1,0.0,1.0,0.0,1.0,1.0,1.0,0,0
SUBJ-0010,1.0,M,High,SC,19.5,3.0,3.0,14.0,,14.0,14.0,D,0.4355,0.13659429,0.845282869,84.0,Lab,,,,0,0,0,0.0,0,0,0,Non-Reproductive,1.6805,1.1825,0.7795,1.6916875,1.2186875,0.7921875,1.2341875,1.2341875,6.0,0,1.0,1.0,0.0,1.0,1.0,1.0,0,0
SUBJ-0010,1.0,M,High,SC,19.5,3.0,3.0,17.0,,17.0,17.0,D,0.11625,0.01454795,0.159893851,87.0,Lab,,,,0,0,0,0.0,0,0,0,Non-Reproductive,1.74475,1.49775,1.04575,1.7915,1.511,1.063,1.455166667,1.455166667,6.0,0,1.0,1.0,0.0,1.0,1.0,1.0,0,0
SUBJ-0010,1.0,M,High,SC,23.5,,,35.0,14.0,35.0,35.0,DA,0.09675,0.026537036,0.176361108,105.0,Lab,,,,0,0,0,0.0,0,0,0,Non-Reproductive,2.50625,2.20125,1.82325,2.5565,2.2195,1.8585,2.2115,2.2115,,0,1.0,1.0,0.0,1.0,1.0,1.0,0,0
SUBJ-0010,1.0,M,High,SC,21.0,4.0,5.0,22.0,1.0,22.0,22.0,DA,0.11925,0.017685749,0.172307247,92.0,Lab,,,,0,0,0,0.0,0,0,0,Non-Reproductive,2.30375,1.91975,1.37975,2.338875,1.896375,1.397375,1.877541667,1.877541667,9.0,0,1.0,1.0,0.0,1.0,1.0,1.0,0,0
SUBJ-0011,1.0,M,High,PC,26.0,4.0,5.0,14.0,,14.0,,A,0.0635,0.006824326,0.083972979,85.0,Lab,,,,0,0,0,0.0,0,0,0,Non-Reproductive,0.0815,0.0465,0.0085,0.039375,0.023875,-0.003125,0.020041667,0.0,9.0,0,1.0,1.0,0.0,1.0,1.0,0.0,0,0
SUBJ-0011,1.0,M,High,PC,26.5,,,35.0,14.0,14.0,14.0,AD,0.063875,0.007548652,0.086520955,106.0,Lab,,,,0,0,0,0.0,0,0,0,Non-Reproductive,1.021125,0.631125,0.356125,1.03125,0.63025,0.36325,0.674916667,0.674916667,,0,1.0,1.0,0.0,1.0,1.0,1.0,0,0
SUBJ-0011,1.0,M,High,PC,25.5,4.0,5.0,22.0,1.0,1.0,1.0,AD,0.071,0.005554921,0.087664762,93.0,Lab,,,,0,0,0,0.0,0,0,0,Non-Reproductive,-0.013,-0.015,-0.011,-0.010875,-0.013875,-0.010375,-0.011708333,0.0,9.0,0,1.0,1.0,0.0,1.0,1.0,1.0,0,0
SUBJ-0012,1.0,M,High,ST,21.5,3.0,3.0,17.0,,17.0,17.0,D,0.076625,0.012129509,0.113013528,87.0,Lab,,,,0,0,0,0.0,0,0,0,Non-Reproductive,1.954375,1.416375,0.936375,1.927375,1.423875,0.941875,1.431041667,1.431041667,6.0,0,1.0,1.0,0.0,1.0,1.0,1.0,0,0
SUBJ-0012,1.0,M,High,ST,21.5,3.0,3.0,14.0,,14.0,14.0,D,0.07225,0.006341473,0.09127442,84.0,Lab,,,,0,0,0,0.0,0,0,0,Non-Reproductive,1.58975,1.12975,0.69675,1.58225,1.14025,0.69775,1.140083333,1.140083333,6.0,0,1.0,1.0,0.0,1.0,1.0,1.0,0,0
SUBJ-0012,1.0,M,High,ST,26.5,,,35.0,14.0,35.0,35.0,DD,0.10625,0.034656477,0.210219432,105.0,Lab,,,,0,0,0,0.0,0,0,0,Non-Reproductive,3.05675,2.71275,2.43975,2.98125,2.72525,2.42325,2.709916667,2.709916667,,1,1.0,1.0,0.0,1.0,1.0,1.0,0,0
SUBJ-0012,1.0,M,High,ST,23.0,4.0,4.0,22.0,1.0,22.0,22.0,DD,0.118125,0.0155236,0.164695799,92.0,Lab,,,,0,0,0,0.0,0,0,0,Non-Reproductive,2.236875,1.821875,1.263875,2.2543125,1.8268125,1.2743125,1.785145833,1.785145833,8.0,1,1.0,1.0,0.0,1.0,1.0,1.0,0,0
SUBJ-0013,1.0,M,High,PC,31.5,4.0,5.0,17.0,,17.0,,A,0.0685,0.01011364,0.09884092,71.0,Lab,,,,0,0,0,0.0,0,0,0,Non-Reproductive,-0.0155,-0.0125,-0.0185,-0.0176875,-0.0151875,-0.0186875,-0.0171875,0.0,9.0,0,1.0,1.0,0.0,1.0,1.0,0.0,0,0
SUBJ-0013,1.0,M,High,PC,34.0,,,35.0,14.0,14.0,14.0,AD,0.0935,0.007230886,0.115192658,89.0,Lab,,,,0,0,0,0.0,0,0,0,Non-Reproductive,0.9345,0.6055,0.3425,0.97775,0.61675,0.35025,0.64825,0.64825,,0,1.0,1.0,0.0,1.0,1.0,1.0,0,0
SUBJ-0013,1.0,M,High,PC,31.5,4.0,5.0,14.0,,14.0,,A,0.110375,0.028218219,0.195029656,68.0,Lab,,,,0,0,0,0.0,0,0,0,Non-Reproductive,-0.044375,-0.035375,-0.033375,-0.033125,-0.027125,-0.024125,-0.028125,0.0,9.0,0,1.0,1.0,0.0,1.0,1.0,0.0,0,0
SUBJ-0014,1.0,M,High,ST,21.5,3.0,4.0,14.0,,14.0,14.0,D,0.107375,0.037450682,0.219727046,68.0,Lab,,,,0,0,0,0.0,0,0,0,Non-Reproductive,0.899625,0.522625,0.290625,0.9046875,0.5336875,0.2871875,0.5751875,0.5751875,7.0,0,1.0,1.0,0.0,1.0,1.0,1.0,0,0
SUBJ-0015,1.0,M,High,SC,28.5,,,35.0,14.0,35.0,35.0,DA,0.0785,0.005154748,0.093964244,135.0,Lab,,,,0,0,0,0.0,0,0,0,Non-Reproductive,2.1735,1.7835,1.2785,2.1779375,1.8524375,1.2994375,1.776604167,1.776604167,,0,1.0,1.0,0.0,1.0,1.0,1.0,0,0
SUBJ-0015,1.0,M,High,SC,26.5,3.0,4.0,14.0,,14.0,14.0,D,0.659375,0.040305751,0.780292253,114.0,Lab,,,,0,0,0,0.0,0,0,0,Non-Reproductive,0.930625,0.529625,0.317625,0.9186875,0.4891875,0.3166875,0.574854167,0.0,7.0,0,1.0,1.0,0.0,1.0,1.0,1.0,0,0
SUBJ-0015,1.0,M,High,SC,26.5,3.0,4.0,17.0,,17.0,17.0,D,0.11625,0.01454795,0.159893851,117.0,Lab,,,,0,0,0,0.0,0,0,0,Non-Reproductive,1.23675,0.81075,0.50675,1.278,0.858,0.5255,0.887166667,0.887166667,7.0,0,1.0,1.0,0.0,1.0,1.0,1.0,0,0
SUBJ-0016,1.0,M,High,SC,21.5,3.0,4.0,14.0,,14.0,14.0,D,0.0685,0.01011364,0.09884092,105.0,Lab,,,,0,0,0,0.0,0,0,0,Non-Reproductive,1.0065,0.5825,0.3115,1.0138125,0.5908125,0.3148125,0.6398125,0.6398125,7.0,0,1.0,1.0,0.0,1.0,1.0,1.0,0,0
SUBJ-0016,1.0,M,High,SC,21.5,3.0,4.0,17.0,,17.0,17.0,D,0.659375,0.040305751,0.780292253,108.0,Lab,,,,0,0,0,0.0,0,0,0,Non-Reproductive,0.793625,0.442625,0.226625,0.7961875,0.4446875,0.2346875,0.491854167,0.0,7.0,0,1.0,1.0,0.0,1.0,1.0,1.0,0,0
SUBJ-0016,1.0,M,High,SC,23.5,,,35.0,14.0,35.0,35.0,DA,0.10875,0.014801062,0.153153185,126.0,Lab,,,,0,0,0,0.0,0,0,0,Non-Reproductive,1.39525,0.88325,0.47725,1.40025,0.86775,0.49675,0.921583333,0.921583333,,0,1.0,1.0,0.0,1.0,1.0,1.0,0,0
SUBJ-0017,1.0,M,High,ST,35.5,,,35.0,14.0,35.0,35.0,DD,0.076625,0.012129509,0.113013528,126.0,Lab,,,,0,0,0,0.0,0,0,0,Non-Reproductive,1.835375,1.462375,1.004375,1.886375,1.469375,0.995375,1.450375,1.450375,,1,1.0,1.0,0.0,1.0,1.0,1.0,0,0
SUBJ-0017,1.0,M,High,ST,30.0,4.5,5.0,14.0,,14.0,14.0,D,0.10875,0.014801062,0.153153185,105.0,Lab,,,,0,0,0,0.0,0,0,0,Non-Reproductive,0.32625,0.18225,0.08725,0.31475,0.20475,0.08325,0.200916667,0.200916667,9.5,0,1.0,1.0,0.0,1.0,1.0,1.0,0,0
SUBJ-0018,1.0,M,High,PC,24.0,,,35.0,14.0,14.0,14.0,AD,0.076625,0.012129509,0.113013528,126.0,Lab,,,,0,0,0,0.0,0,0,0,Non-Reproductive,1.216375,0.737375,0.440375,1.194875,0.752875,0.457875,0.801875,0.801875,,0,1.0,1.0,0.0,1.0,1.0,1.0,0,0
SUBJ-0018,1.0,M,High,PC,22.5,3.0,4.0,17.0,,17.0,,A,0.0745,0.005042675,0.089628025,108.0,Lab,,,,0,0,0,0.0,0,0,0,Non-Reproductive,-0.0155,-0.0155,-0.0185,-0.013875,-0.013875,-0.015875,-0.014541667,0.0,7.0,0,1.0,1.0,0.0,1.0,1.0,0.0,0,0
SUBJ-0018,1.0,M,High,PC,22.5,3.0,4.0,14.0,,14.0,,A,0.118125,0.0155236,0.164695799,105.0,Lab,,,,0,0,0,0.0,0,0,0,Non-Reproductive,-0.053125,-0.046125,-0.046125,-0.0326875,-0.0271875,-0.0276875,-0.0291875,0.0,7.0,0,1.0,1.0,0.0,1.0,1.0,0.0,0,0
SUBJ-0019,1.0,F,Low,SC,18.5,3.0,3.0,14.0,,14.0,14.0,D,0.06375,0.005650537,0.080701612,114.0,Lab,,,,0,0,0,0.0,0,0,0,Non-Reproductive,1.30525,0.87625,0.57425,1.30225,0.88325,0.57175,0.919083333,0.919083333,6.0,0,0.0,0.0,0.0,1.0,1.0,1.0,0,0
SUBJ-0019,1.0,F,Low,SC,20.0,,,35.0,14.0,35.0,35.0,DA,0.12075,0.053742109,0.281976327,135.0,Lab,,,,0,0,0,0.0,0,0,0,Non-Reproductive,2.81825,2.71225,2.52525,2.7738125,2.6903125,2.4783125,2.647479167,2.647479167,,0,0.0,0.0,0.0,1.0,1.0,1.0,0,0
SUBJ-0019,1.0,F,Low,SC,18.5,3.0,3.0,17.0,,17.0,17.0,D,0.4355,0.13659429,0.845282869,117.0,Lab,,,,0,0,0,0.0,0,0,0,Non-Reproductive,2.3085,1.7875,1.1065,2.2721875,1.7391875,1.1891875,1.733520833,1.733520833,6.0,0,0.0,0.0,0.0,1.0,1.0,1.0,0,0
SUBJ-0019,1.0,F,Low,SC,18.5,4.0,3.0,22.0,1.0,22.0,22.0,DA,0.5945,0.209919713,1.224259138,122.0,Lab,,,,0,0,0,0.0,0,0,0,Non-Reproductive,2.4295,2.0045,2.2665,2.55775,2.03525,2.23975,2.277583333,2.277583333,7.0,0,0.0,0.0,0.0,1.0,1.0,1.0,0,0
SUBJ-0020,1.0,F,Low,ST,17.0,3.0,3.0,14.0,,14.0,14.0,D,0.0785,0.005154748,0.093964244,115.0,Lab,,,,0,0,0,0.0,0,0,0,Non-Reproductive,2.4055,2.3175,1.8525,2.4579375,2.3744375,1.8769375,2.2364375,2.2364375,6.0,0,0.0,0.0,0.0,1.0,1.0,1.0,0,0
SUBJ-0020,1.0,F,Low,ST,17.0,3.0,4.0,22.0,1.0,22.0,22.0,DD,0.4355,0.13659429,0.845282869,123.0,Lab,,,,0,0,0,0.0,0,0,0,Non-Reproductive,2.8745,2.6885,2.3815,2.8456875,2.6841875,2.3801875,2.6366875,2.6366875,7.0,1,0.0,0.0,0.0,1.0,1.0,1.0,0,0
SUBJ-0020,1.0,F,Low,ST,17.5,,,35.0,14.0,35.0,35.0,DD,0.4355,0.13659429,0.845282869,136.0,Lab,,,,0,0,0,0.0,0,0,0,Non-Reproductive,3.2465,3.1515,2.8525,3.1281875,3.0336875,2.7671875,2.976354167,2.976354167,,1,0.0,0.0,0.0,1.0,1.0,1.0,0,0
SUBJ-0020,1.0,F,Low,ST,17.0,3.0,3.0,17.0,,17.0,17.0,D,0.5945,0.209919713,1.224259138,118.0,Lab,,,,0,0,0,0.0,0,0,0,Non-Reproductive,2.5935,2.3305,2.1235,2.63225,2.40425,2.16375,2.400083333,2.400083333,6.0,0,0.0,0.0,0.0,1.0,1.0,1.0,0,0
SUBJ-0021,1.0,F,Low,PC,20.0,,,35.0,14.0,14.0,14.0,AD,0.085875,0.035686882,0.192935647,136.0,Lab,,,,0,0,0,0.0,0,0,0,Non-Reproductive,1.697125,1.279125,0.728125,1.6879375,1.2554375,0.7284375,1.2239375,1.2239375,,0,0.0,0.0,0.0,1.0,1.0,1.0,0,0
SUBJ-0022,1.0,F,Low,ST,22.0,,,35.0,14.0,35.0,35.0,DD,0.0685,0.01011364,0.09884092,98.0,Lab,,,,0,0,0,0.0,0,0,0,Non-Reproductive,2.5295,2.4265,2.5615,2.4918125,2.4283125,2.5378125,2.485979167,2.485979167,,1,0.0,0.0,0.0,1.0,1.0,1.0,0,0
SUBJ-0023,1.0,F,Low,PC,21.0,3.0,4.0,17.0,,17.0,,A,0.069,0.007309485,0.090928455,87.0,Lab,,,,0,0,0,0.0,0,0,0,Non-Reproductive,0.035,0.007,-0.002,0.036125,0.008625,0.003125,0.015958333,0.0,7.0,0,0.0,0.0,0.0,1.0,1.0,0.0,0,0
SUBJ-0023,1.0,F,Low,PC,20.0,,,35.0,14.0,14.0,14.0,AD,0.070125,0.006174545,0.088648634,105.0,Lab,,,,0,0,0,0.0,0,0,0,Non-Reproductive,1.589875,1.096875,0.666875,1.573125,1.083125,0.660125,1.105458333,1.105458333,,0,0.0,0.0,0.0,1.0,1.0,1.0,0,0
SUBJ-0023,1.0,F,Low,PC,20.0,3.0,4.0,22.0,1.0,1.0,1.0,AD,0.12075,0.053742109,0.281976327,92.0,Lab,,,,0,0,0,0.0,0,0,0,Non-Reproductive,-0.04375,-0.03575,-0.04775,-0.0316875,-0.0151875,-0.0311875,-0.026020833,0.0,7.0,0,0.0,0.0,0.0,1.0,1.0,1.0,0,0
SUBJ-0024,1.0,F,Low,ST,17.5,3.0,4.0,14.0,,14.0,14.0,D,0.120375,0.011500776,0.154877329,84.0,Lab,,,,0,0,0,0.0,0,0,0,Non-Reproductive,1.516625,1.045625,0.602625,1.5130625,1.0235625,0.6295625,1.055395833,1.055395833,7.0,0,0.0,0.0,0.0,1.0,1.0,1.0,0,0
SUBJ-0024,1.0,F,Low,ST,17.5,,,35.0,14.0,35.0,35.0,DD,0.125125,0.026835145,0.205630435,105.0,Lab,,,,0,0,0,0.0,0,0,0,Non-Reproductive,2.351875,1.919875,1.416875,2.3975625,1.9465625,1.4435625,1.929229167,1.929229167,,1,0.0,0.0,0.0,1.0,1.0,1.0,0,0
SUBJ-0025,1.0,F,Low,SC,16.5,,,35.0,14.0,35.0,35.0,DA,0.0635,0.006824326,0.083972979,105.0,Lab,,,,0,0,0,0.0,0,0,0,Non-Reproductive,2.7505,2.6285,2.6705,2.691875,2.583375,2.612875,2.629375,2.629375,,0,0.0,0.0,0.0,1.0,1.0,1.0,0,0
SUBJ-0025,1.0,F,Low,SC,16.5,3.0,4.0,17.0,,17.0,17.0,D,0.10625,0.034656477,0.210219432,87.0,Lab,,,,0,0,0,0.0,0,0,0,Non-Reproductive,2.35975,1.91275,1.46875,2.36125,1.97475,1.48075,1.938916667,1.938916667,7.0,0,0.0,0.0,0.0,1.0,1.0,1.0,0,0
SUBJ-0026,1.0,F,High,PC,15.5,2.0,3.0,17.0,,17.0,,A,0.0745,0.005042675,0.089628025,87.0,Lab,,,,0,0,0,0.0,0,0,0,Non-Reproductive,-0.0145,-0.0145,-0.0195,-0.011875,-0.013375,-0.018375,-0.014541667,0.0,5.0,0,1.0,0.0,0.0,1.0,1.0,0.0,0,0
SUBJ-0026,1.0,F,High,PC,15.5,2.0,3.0,14.0,,14.0,,A,0.659375,0.040305751,0.780292253,84.0,Lab,,,,0,0,0,0.0,0,0,0,Non-Reproductive,-0.079375,-0.028375,-0.078375,-0.0743125,-0.0458125,-0.0708125,-0.063645833,0.0,5.0,0,1.0,0.0,0.0,1.0,1.0,0.0,0,0
SUBJ-0026,1.0,F,High,PC,16.5,,,35.0,14.0,14.0,14.0,AD,0.10875,0.015809129,0.156177388,105.0,Lab,,,,0,0,0,0.0,0,0,0,Non-Reproductive,1.94925,1.73725,1.24625,1.993375,1.716375,1.250375,1.653375,1.653375,,0,1.0,0.0,0.0,1.0,1.0,1.0,0,0
SUBJ-0027,1.0,F,High,SC,27.0,3.0,4.0,17.0,,17.0,17.0,D,0.07225,0.006341473,0.09127442,85.0,Lab,,,,0,0,0,0.0,0,0,0,Non-Reproductive,1.87475,1.35975,0.87275,1.88875,1.35775,0.88975,1.37875,1.37875,7.0,0,1.0,0.0,0.0,1.0,1.0,1.0,0,0
SUBJ-0027,1.0,F,High,SC,29.0,,,35.0,14.0,35.0,35.0,DA,0.659375,0.040305751,0.780292253,103.0,Lab,,,,0,0,0,0.0,0,0,0,Non-Reproductive,2.370625,2.296625,1.883625,2.4096875,2.2216875,1.8921875,2.174520833,2.174520833,,0,1.0,0.0,0.0,1.0,1.0,1.0,0,0
SUBJ-0027,1.0,F,High,SC,27.0,3.0,4.0,14.0,,14.0,14.0,D,0.107375,0.037450682,0.219727046,82.0,Lab,,,,0,0,0,0.0,0,0,0,Non-Reproductive,0.895625,0.497625,0.268625,0.8826875,0.5166875,0.2856875,0.5616875,0.5616875,7.0,0,1.0,0.0,0.0,1.0,1.0,1.0,0,0
SUBJ-0028,1.0,F,High,ST,18.0,4.0,4.0,22.0,1.0,22.0,22.0,DD,0.07225,0.006341473,0.09127442,90.0,Lab,,,,0,0,0,0.0,0,0,0,Non-Reproductive,2.40875,2.02275,1.70975,2.37925,2.03075,1.69225,2.034083333,2.034083333,8.0,1,1.0,0.0,0.0,1.0,1.0,1.0,0,0
SUBJ-0028,1.0,F,High,ST,18.0,,,35.0,14.0,35.0,35.0,DD,0.10875,0.015809129,0.156177388,103.0,Lab,,,,0,0,0,0.0,0,0,0,Non-Reproductive,2.50825,2.36825,2.15925,2.558375,2.360375,2.151875,2.356875,2.356875,,1,1.0,0.0,0.0,1.0,1.0,1.0,0,0
SUBJ-0029,1.0,F,High,PC,17.5,,,35.0,14.0,14.0,14.0,AD,0.067875,0.016383245,0.117024735,135.0,Lab,,,,0,0,0,0.0,0,0,0,Non-Reproductive,1.337125,0.852125,0.516125,1.347,0.8525,0.5155,0.905,0.905,,0,1.0,0.0,0.0,1.0,1.0,1.0,0,0
SUBJ-0029,1.0,F,High,PC,16.0,3.0,3.0,22.0,1.0,1.0,1.0,AD,0.0745,0.005042675,0.089628025,122.0,Lab,,,,0,0,0,0.0,0,0,0,Non-Reproductive,-0.0175,-0.0175,-0.0175,-0.014375,-0.014875,-0.016375,-0.015208333,0.0,6.0,0,1.0,0.0,0.0,1.0,1.0,1.0,0,0
SUBJ-0029,1.0,F,High,PC,16.0,3.0,3.0,17.0,,17.0,,A,0.11925,0.017685749,0.172307247,117.0,Lab,,,,0,0,0,0.0,0,0,0,Non-Reproductive,-0.04225,-0.02725,-0.03725,-0.027625,-0.019625,-0.024125,-0.023791667,0.0,6.0,0,1.0,0.0,0.0,1.0,1.0,0.0,0,0
SUBJ-0029,1.0,F,High,PC,16.0,3.0,3.0,14.0,,14.0,,A,0.101375,0.013637527,0.142287581,114.0,Lab,,,,0,0,0,0.0,0,0,0,Non-Reproductive,-0.036375,-0.031375,-0.030375,-0.023875,-0.006875,-0.013875,-0.014875,0.0,6.0,0,1.0,0.0,0.0,1.0,1.0,0.0,0,0
SUBJ-0030,1.0,F,High,SC,24.5,4.0,4.0,22.0,1.0,22.0,22.0,DA,0.085875,0.035686882,0.192935647,113.0,Lab,,,,0,0,0,0.0,0,0,0,Non-Reproductive,2.129125,1.630125,1.081125,2.1059375,1.6349375,1.0769375,1.6059375,1.6059375,8.0,0,1.0,0.0,0.0,1.0,1.0,1.0,0,0
SUBJ-0030,1.0,F,High,SC,23.0,3.0,4.0,17.0,,17.0,17.0,D,0.5945,0.209919713,1.224259138,108.0,Lab,,,,0,0,0,0.0,0,0,0,Non-Reproductive,1.4355,0.9285,0.5755,1.46625,0.95075,0.60125,1.006083333,0.0,7.0,0,1.0,0.0,0.0,1.0,1.0,1.0,0,0
SUBJ-0030,1.0,F,High,SC,26.5,,,35.0,14.0,35.0,35.0,DA,0.10875,0.015809129,0.156177388,126.0,Lab,,,,0,0,0,0.0,0,0,0,Non-Reproductive,1.64525,1.16825,0.72925,1.657375,1.157875,0.736875,1.184041667,1.184041667,,0,1.0,0.0,0.0,1.0,1.0,1.0,0,0
SUBJ-0031,1.0,F,High,ST,19.5,3.0,4.0,14.0,,14.0,14.0,D,0.07225,0.010525479,0.103826438,105.0,Lab,,,,0,0,0,0.0,0,0,0,Non-Reproductive,0.59075,0.32575,0.15775,0.591,0.334,0.1645,0.363166667,0.363166667,7.0,0,1.0,0.0,0.0,1.0,1.0,1.0,0,0
SUBJ-0031,1.0,F,High,ST,19.5,3.0,4.0,17.0,,17.0,17.0,D,0.067875,0.016383245,0.117024735,108.0,Lab,,,,0,0,0,0.0,0,0,0,Non-Reproductive,1.029125,0.616125,0.354125,1.045,0.6205,0.3545,0.673333333,0.673333333,7.0,0,1.0,0.0,0.0,1.0,1.0,1.0,0,0
SUBJ-0031,1.0,F,High,ST,20.0,,,35.0,14.0,35.0,35.0,DD,0.10625,0.034656477,0.210219432,126.0,Lab,,,,0,0,0,0.0,0,0,0,Non-Reproductive,2.84875,2.43475,2.07975,2.81475,2.44675,2.09625,2.452583333,2.452583333,,1,1.0,0.0,0.0,1.0,1.0,1.0,0,0
SUBJ-0032,1.0,F,High,SC,17.0,,,35.0,14.0,35.0,35.0,DA,0.085875,0.035686882,0.192935647,135.0,Lab,,,,0,0,0,0.0,0,0,0,Non-Reproductive,2.924125,2.734125,2.383125,2.8254375,2.6719375,2.3279375,2.6084375,2.6084375,,0,1.0,0.0,0.0,1.0,1.0,1.0,0,0
SUBJ-0032,1.0,F,High,SC,16.5,3.0,3.0,14.0,,14.0,14.0,D,0.067875,0.016383245,0.117024735,114.0,Lab,,,,0,0,0,0.0,0,0,0,Non-Reproductive,2.050125,1.548125,1.078125,2.0275,1.528,1.0795,1.545,1.545,6.0,0,1.0,0.0,0.0,1.0,1.0,1.0,0,0
SUBJ-0032,1.0,F,High,SC,16.5,3.0,3.0,17.0,,17.0,17.0,D,0.111875,0.026297406,0.190767219,117.0,Lab,,,,0,0,0,0.0,0,0,0,Non-Reproductive,1.921125,1.522125,0.948125,1.895375,1.516875,0.951875,1.454708333,1.454708333,6.0,0,1.0,0.0,0.0,1.0,1.0,1.0,0,0
SUBJ-0033,1.0,F,High,ST,16.5,3.0,3.0,14.0,,14.0,14.0,D,0.0635,0.006824326,0.083972979,85.0,Lab,,,,0,0,0,0.0,0,0,0,Non-Reproductive,1.9145,1.4275,0.9735,1.875375,1.429875,0.983875,1.429708333,1.429708333,6.0,0,1.0,0.0,0.0,1.0,1.0,1.0,0,0
SUBJ-0033,1.0,F,High,ST,16.0,3.0,3.0,22.0,1.0,22.0,22.0,DD,0.07225,0.010525479,0.103826438,93.0,Lab,,,,0,0,0,0.0,0,0,0,Non-Reproductive,2.25375,1.76775,1.21975,2.2135,1.688,1.2135,1.705,1.705,6.0,1,1.0,0.0,0.0,1.0,1.0,1.0,0,0
SUBJ-0033,1.0,F,High,ST,16.5,3.0,3.0,17.0,,17.0,17.0,D,0.10875,0.014801062,0.153153185,88.0,Lab,,,,0,0,0,0.0,0,0,0,Non-Reproductive,1.66125,1.12825,0.68125,1.67725,1.16825,0.70325,1.182916667,1.182916667,6.0,0,1.0,0.0,0.0,1.0,1.0,1.0,0,0
SUBJ-0033,1.0,F,High,ST,16.5,,,35.0,14.0,35.0,35.0,DD,0.101375,0.013637527,0.142287581,106.0,Lab,,,,0,0,0,0.0,0,0,0,Non-Reproductive,2.980625,2.911625,2.794625,3.027625,2.844625,2.825125,2.899125,2.899125,,1,1.0,0.0,0.0,1.0,1.0,1.0,0,0
SUBJ-0034,1.0,F,High,PC,18.5,,,35.0,14.0,14.0,14.0,AD,0.076625,0.012129509,0.113013528,106.0,Lab,,,,0,0,0,0.0,0,0,0,Non-Reproductive,1.746375,1.292375,0.852375,1.708875,1.260375,0.842875,1.270708333,1.270708333,,0,1.0,0.0,0.0,1.0,1.0,1.0,0,0
SUBJ-0034,1.0,F,High,PC,18.5,3.0,3.0,14.0,,14.0,,A,0.075375,0.00526274,0.091163219,85.0,Lab,,,,0,0,0,0.0,0,0,0,Non-Reproductive,-0.011375,-0.020375,-0.022375,-0.008,-0.017,-0.019,-0.014666667,0.0,6.0,0,1.0,0.0,0.0,1.0,1.0,0.0,0,0
SUBJ-0034,1.0,F,High,PC,17.0,3.0,4.0,22.0,1.0,1.0,1.0,AD,0.0935,0.007230886,0.115192658,93.0,Lab,,,,0,0,0,0.0,0,0,0,Non-Reproductive,-0.0275,-0.0265,-0.0175,-0.01725,-0.01725,-0.00825,-0.01425,0.0,7.0,0,1.0,0.0,0.0,1.0,1.0,1.0,0,0
SUBJ-0035,2.0,M,Low,PC,26.0,,,22.0,1.0,1.0,1.0,AD,0.069,0.007309485,0.090928455,94.0,Lab,,,,0,0,0,0.0,0,0,0,Non-Reproductive,-0.014,-0.01,-0.018,-0.011875,-0.006875,-0.015375,-0.011375,0.0,,0,0.0,1.0,0.0,1.0,1.0,1.0,0,0
SUBJ-0035,2.0,M,Low,PC,28.0,4.0,5.0,14.0,,14.0,,A,0.063875,0.007548652,0.086520955,86.0,Lab,,,,0,0,0,0.0,0,0,0,Non-Reproductive,-0.002875,0.009125,0.001125,0.01075,0.01225,0.00575,0.009583333,0.0,9.0,0,0.0,1.0,0.0,1.0,1.0,0.0,0,0
SUBJ-0035,2.0,M,Low,PC,27.0,,,35.0,14.0,14.0,14.0,AD,0.0785,0.005154748,0.093964244,107.0,Lab,,,,0,0,0,0.0,0,0,0,Non-Reproductive,0.5485,0.3015,0.1505,0.5474375,0.3144375,0.1549375,0.3389375,0.3389375,,0,0.0,1.0,0.0,1.0,1.0,1.0,0,0
SUBJ-0036,2.0,M,Low,ST,26.0,3.0,5.0,14.0,,14.0,14.0,D,0.063875,0.007548652,0.086520955,86.0,Lab,,,,0,0,0,0.0,0,0,0,Non-Reproductive,1.598125,1.143125,0.748125,1.61325,1.16525,0.75475,1.17775,1.17775,8.0,0,0.0,1.0,0.0,1.0,1.0,1.0,0,0
SUBJ-0036,2.0,M,Low,ST,25.5,3.0,5.0,22.0,1.0,22.0,22.0,DD,0.071125,0.00653425,0.090727751,94.0,Lab,,,,0,0,0,0.0,0,0,0,Non-Reproductive,2.721875,2.494875,2.139875,2.7528125,2.5278125,2.1658125,2.482145833,2.482145833,8.0,1,0.0,1.0,0.0,1.0,1.0,1.0,0,0
SUBJ-0036,2.0,M,Low,ST,29.0,,,35.0,14.0,35.0,35.0,DD,0.120375,0.011500776,0.154877329,107.0,Lab,,,,0,0,0,0.0,0,0,0,Non-Reproductive,3.173625,2.894625,2.916625,3.1805625,2.9045625,2.8560625,2.980395833,2.980395833,,1,0.0,1.0,0.0,1.0,1.0,1.0,0,0
SUBJ-0036,2.0,M,Low,ST,26.0,3.0,5.0,17.0,,17.0,17.0,D,0.11925,0.017685749,0.172307247,89.0,Lab,,,,0,0,0,0.0,0,0,0,Non-Reproductive,2.02075,1.48575,1.01975,2.039375,1.525875,1.041875,1.535708333,1.535708333,8.0,0,0.0,1.0,0.0,1.0,1.0,1.0,0,0
SUBJ-0037,2.0,M,Low,SC,29.0,,,35.0,14.0,35.0,35.0,DA,0.06375,0.005650537,0.080701612,107.0,Lab,,,,0,0,0,0.0,0,0,0,Non-Reproductive,2.68225,2.49825,2.06425,2.66825,2.46375,2.06575,2.39925,2.39925,,0,0.0,1.0,0.0,1.0,1.0,1.0,0,0
SUBJ-0037,2.0,M,Low,SC,30.0,3.0,4.0,22.0,1.0,22.0,22.0,DA,0.1055,0.037496667,0.21799,94.0,Lab,,,,0,0,0,0.0,0,0,0,Non-Reproductive,2.4205,2.0225,1.5755,2.44475,2.04375,1.61775,2.035416667,2.035416667,7.0,0,0.0,1.0,0.0,1.0,1.0,1.0,0,0
SUBJ-0037,2.0,M,Low,SC,28.5,3.0,5.0,14.0,,14.0,14.0,D,0.110375,0.028218219,0.195029656,86.0,Lab,,,,0,0,0,0.0,0,0,0,Non-Reproductive,0.758625,0.446625,0.244625,0.786375,0.459875,0.257875,0.501375,0.501375,8.0,0,0.0,1.0,0.0,1.0,1.0,1.0,0,0
SUBJ-0038,2.0,M,Low,SC,24.5,,,35.0,14.0,35.0,35.0,DA,0.06375,0.005650537,0.080701612,107.0,Lab,,,,0,0,0,0.0,0,0,0,Non-Reproductive,2.63625,2.28925,2.02025,2.61425,2.32625,1.94075,2.29375,2.29375,,0,0.0,1.0,0.0,1.0,1.0,1.0,0,0
SUBJ-0038,2.0,M,Low,SC,23.0,4.0,4.0,17.0,,17.0,17.0,D,0.125125,0.026835145,0.205630435,89.0,Lab,,,,0,0,0,0.0,0,0,0,Non-Reproductive,2.289875,1.670875,1.115875,2.3075625,1.7235625,1.1460625,1.725729167,1.725729167,8.0,0,0.0,1.0,0.0,1.0,1.0,1.0,0,0
SUBJ-0038,2.0,M,Low,SC,22.5,3.0,4.0,22.0,1.0,22.0,22.0,DA,0.090375,0.018376518,0.145504555,94.0,Lab,,,,0,0,0,0.0,0,0,0,Non-Reproductive,2.563625,2.132625,1.743625,2.582,2.1735,1.7335,2.163,2.163,7.0,0,0.0,1.0,0.0,1.0,1.0,1.0,0,0
SUBJ-0038,2.0,M,Low,SC,23.0,4.0,4.0,14.0,,14.0,14.0,D,0.09675,0.026537036,0.176361108,86.0,Lab,,,,0,0,0,0.0,0,0,0,Non-Reproductive,1.40725,0.99125,0.59425,1.43,1.0095,0.627,1.022166667,1.022166667,8.0,0,0.0,1.0,0.0,1.0,1.0,1.0,0,0
SUBJ-0039,2.0,M,Low,ST,25.5,4.0,4.0,14.0,,14.0,14.0,D,0.085875,0.035686882,0.192935647,117.0,Lab,,,,0,0,0,0.0,0,0,0,Non-Reproductive,1.493125,0.955125,0.529125,1.4749375,0.9539375,0.5309375,0.986604167,0.986604167,8.0,0,0.0,1.0,0.0,1.0,1.0,1.0,0,0
SUBJ-0039,2.0,M,Low,ST,25.5,4.0,4.0,17.0,,17.0,17.0,D,0.125125,0.026835145,0.205630435,120.0,Lab,,,,0,0,0,0.0,0,0,0,Non-Reproductive,0.193875,2.181875,1.539875,0.1875625,2.1480625,1.5685625,1.301395833,1.301395833,8.0,0,0.0,1.0,0.0,1.0,1.0,1.0,0,0
SUBJ-0039,2.0,M,Low,ST,27.0,,,35.0,14.0,35.0,35.0,DD,0.101375,0.013637527,0.142287581,138.0,Lab,,,,0,0,0,0.0,0,0,0,Non-Reproductive,2.929625,2.859625,2.694625,2.932125,2.871625,2.726125,2.843291667,2.843291667,,1,0.0,1.0,0.0,1.0,1.0,1.0,0,0
SUBJ-0040,2.0,M,Low,PC,22.0,3.0,4.0,17.0,,17.0,,A,0.069,0.007309485,0.090928455,120.0,Lab,,,,0,0,0,0.0,0,0,0,Non-Reproductive,-0.016,-0.011,-0.016,-0.013375,-0.009375,-0.012375,-0.011708333,0.0,7.0,0,0.0,1.0,0.0,1.0,1.0,0.0,0,0
SUBJ-0040,2.0,M,Low,PC,22.5,,,35.0,14.0,14.0,14.0,AD,0.07225,0.010525479,0.103826438,138.0,Lab,,,,0,0,0,0.0,0,0,0,Non-Reproductive,1.66475,1.11075,0.63775,1.597,1.085,0.6205,1.100833333,1.100833333,,0,0.0,1.0,0.0,1.0,1.0,1.0,0,0
SUBJ-0040,2.0,M,Low,PC,21.5,3.0,4.0,22.0,1.0,1.0,1.0,AD,0.067875,0.016383245,0.117024735,125.0,Lab,,,,0,0,0,0.0,0,0,0,Non-Reproductive,-0.010875,-0.019875,-0.016875,-0.0095,-0.0205,-0.0165,-0.0155,0.0,7.0,0,0.0,1.0,0.0,1.0,1.0,1.0,0,0
SUBJ-0040,2.0,M,Low,PC,22.0,3.0,4.0,14.0,,14.0,,A,0.111875,0.026297406,0.190767219,117.0,Lab,,,,0,0,0,0.0,0,0,0,Non-Reproductive,-0.041875,-0.021875,-0.041875,-0.027625,-0.014625,-0.028625,-0.023625,0.0,7.0,0,0.0,1.0,0.0,1.0,1.0,0.0,0,0
SUBJ-0041,2.0,M,Low,SC,21.5,4.0,4.0,14.0,,14.0,14.0,D,0.11625,0.01454795,0.159893851,117.0,Lab,,,,0,0,0,0.0,0,0,0,Non-Reproductive,1.13875,0.72575,0.42675,1.158,0.7495,0.436,0.781166667,0.781166667,8.0,0,0.0,1.0,0.0,1.0,1.0,1.0,0,0
SUBJ-0041,2.0,M,Low,SC,21.5,3.0,4.0,22.0,1.0,22.0,22.0,DA,0.09675,0.026537036,0.176361108,125.0,Lab,,,,0,0,0,0.0,0,0,0,Non-Reproductive,2.34825,2.10325,1.70125,2.38,2.079,1.72,2.059666667,2.059666667,7.0,0,0.0,1.0,0.0,1.0,1.0,1.0,0,0
SUBJ-0041,2.0,M,Low,SC,23.0,,,35.0,14.0,35.0,35.0,DA,0.107375,0.037450682,0.219727046,138.0,Lab,,,,0,0,0,0.0,0,0,0,Non-Reproductive,2.655625,2.267625,1.777625,2.6456875,2.2241875,1.8056875,2.2251875,2.2251875,,0,0.0,1.0,0.0,1.0,1.0,1.0,0,0
SUBJ-0042,2.0,M,Low,ST,22.5,3.0,4.0,22.0,1.0,22.0,22.0,DD,0.069,0.007309485,0.090928455,125.0,Lab,,,,0,0,0,0.0,0,0,0,Non-Reproductive,2.453,2.151,1.747,2.446125,2.116125,1.753125,2.105125,2.105125,7.0,1,0.0,1.0,0.0,1.0,1.0,1.0,0,0
SUBJ-0042,2.0,M,Low,ST,23.0,,,35.0,14.0,35.0,35.0,DD,0.070125,0.006174545,0.088648634,138.0,Lab,,,,0,0,0,0.0,0,0,0,Non-Reproductive,2.695875,2.608875,2.374875,2.746625,2.630625,2.383625,2.586958333,2.586958333,,1,0.0,1.0,0.0,1.0,1.0,1.0,0,0
SUBJ-0042,2.0,M,Low,ST,22.5,3.0,4.0,17.0,,17.0,17.0,D,0.071,0.005554921,0.087664762,120.0,Lab,,,,0,0,0,0.0,0,0,0,Non-Reproductive,1.993,1.545,1.142,2.011625,1.547125,1.145125,1.567958333,1.567958333,7.0,0,0.0,1.0,0.0,1.0,1.0,1.0,0,0
SUBJ-0043,2.0,M,Low,PC,21.5,,,22.0,1.0,1.0,1.0,AD,0.0935,0.007230886,0.115192658,78.0,Lab,,,,0,0,0,0.0,0,0,0,Non-Reproductive,-0.0245,-0.0075,-0.0165,-0.01675,-0.01875,-0.00575,-0.01375,0.0,,0,0.0,1.0,0.0,1.0,1.0,1.0,0,0
SUBJ-0043,2.0,M,Low,PC,21.5,,,35.0,14.0,14.0,14.0,AD,0.11625,0.01454795,0.159893851,91.0,Lab,,,,0,0,0,0.0,0,0,0,Non-Reproductive,1.52475,1.06775,0.65375,1.5705,1.088,0.6745,1.111,1.111,,0,0.0,1.0,0.0,1.0,1.0,1.0,0,0
SUBJ-0044,2.0,M,High,PC,21.5,,,35.0,14.0,14.0,14.0,AD,0.0635,0.006824326,0.083972979,91.0,Lab,,,,0,0,0,0.0,0,0,0,Non-Reproductive,0.8375,0.5785,0.2975,0.777375,0.520875,0.281375,0.526541667,0.526541667,,0,1.0,1.0,0.0,1.0,1.0,1.0,0,0
SUBJ-0045,2.0,M,High,SC,27.0,,,35.0,14.0,35.0,35.0,DA,0.07225,0.010525479,0.103826438,91.0,Lab,,,,0,0,0,0.0,0,0,0,Non-Reproductive,2.50175,2.06775,1.65875,2.474,2.1145,1.686,2.0915,2.0915,,0,1.0,1.0,0.0,1.0,1.0,1.0,0,0
SUBJ-0045,2.0,M,High,SC,23.5,3.0,5.0,22.0,1.0,22.0,22.0,DA,0.110375,0.028218219,0.195029656,78.0,Lab,,,,0,0,0,0.0,0,0,0,Non-Reproductive,1.800625,1.312625,0.832625,1.895375,1.376375,0.886375,1.386041667,1.386041667,8.0,0,1.0,1.0,0.0,1.0,1.0,1.0,0,0
SUBJ-0046,2.0,M,High,ST,26.0,,,35.0,14.0,35.0,35.0,DD,0.0935,0.007230886,0.115192658,99.0,Lab,,,,0,0,0,0.0,0,0,0,Non-Reproductive,2.6995,2.4865,1.9735,2.77125,2.49075,2.01875,2.426916667,2.426916667,,1,1.0,1.0,0.0,1.0,1.0,1.0,0,0
SUBJ-0046,2.0,M,High,ST,23.0,3.0,4.0,14.0,,14.0,14.0,D,0.090375,0.018376518,0.145504555,78.0,Lab,,,,0,0,0,0.0,0,0,0,Non-Reproductive,1.267625,0.791625,0.439625,1.288,0.804,0.4325,0.8415,0.8415,7.0,0,1.0,1.0,0.0,1.0,1.0,1.0,0,0
SUBJ-0046,2.0,M,High,ST,23.0,3.0,4.0,17.0,,17.0,17.0,D,0.11925,0.017685749,0.172307247,81.0,Lab,,,,0,0,0,0.0,0,0,0,Non-Reproductive,1.25475,0.76575,0.41075,1.277875,0.780875,0.428375,0.829041667,0.829041667,7.0,0,1.0,1.0,0.0,1.0,1.0,1.0,0,0
SUBJ-0047,2.0,M,High,PC,21.0,,,35.0,14.0,14.0,14.0,AD,0.063875,0.007548652,0.086520955,99.0,Lab,,,,0,0,0,0.0,0,0,0,Non-Reproductive,1.972125,1.516125,1.038125,1.97425,1.53075,1.05575,1.52025,1.52025,,0,1.0,1.0,0.0,1.0,1.0,1.0,0,0
SUBJ-0047,2.0,M,High,PC,21.5,3.0,4.0,22.0,1.0,1.0,1.0,AD,0.071,0.005554921,0.087664762,86.0,Lab,,,,0,0,0,0.0,0,0,0,Non-Reproductive,-0.014,-0.015,-0.009,-0.012375,-0.014375,-0.004375,-0.010375,0.0,7.0,0,1.0,1.0,0.0,1.0,1.0,1.0,0,0
SUBJ-0047,2.0,M,High,PC,21.5,3.0,4.0,14.0,,14.0,,A,0.5945,0.209919713,1.224259138,78.0,Lab,,,,0,0,0,0.0,0,0,0,Non-Reproductive,-0.1575,-0.1905,-0.2115,-0.13925,-0.18575,-0.20575,-0.176916667,0.0,7.0,0,1.0,1.0,0.0,1.0,1.0,0.0,0,0
SUBJ-0047,2.0,M,High,PC,21.0,,,35.0,14.0,14.0,14.0,AD,0.10625,0.034656477,0.210219432,99.0,Lab,,,,0,0,0,0.0,0,0,0,Non-Reproductive,0.30075,0.12175,0.05175,0.29425,0.13275,0.05425,0.160416667,0.0,,0,1.0,1.0,0.0,1.0,1.0,1.0,0,0
SUBJ-0048,2.0,M,High,SC,26.0,3.0,4.0,14.0,,14.0,14.0,D,0.0785,0.005154748,0.093964244,87.0,Lab,,,,0,0,0,0.0,0,0,0,Non-Reproductive,1.3365,0.9075,0.5305,1.3609375,0.9304375,0.5464375,0.9459375,0.9459375,7.0,0,1.0,1.0,0.0,1.0,1.0,1.0,0,0
SUBJ-0048,2.0,M,High,SC,29.5,,,35.0,14.0,35.0,35.0,DA,0.071,0.005554921,0.087664762,108.0,Lab,,,,0,0,0,0.0,0,0,0,Non-Reproductive,2.614,2.358,1.995,2.644125,2.397625,1.980625,2.340791667,2.340791667,,0,1.0,1.0,0.0,1.0,1.0,1.0,0,0
SUBJ-0048,2.0,M,High,SC,26.0,3.0,4.0,22.0,1.0,22.0,22.0,DA,0.12075,0.053742109,0.281976327,95.0,Lab,,,,0,0,0,0.0,0,0,0,Non-Reproductive,2.18225,1.87725,1.33925,2.2148125,1.9033125,1.3458125,1.8213125,1.8213125,7.0,0,1.0,1.0,0.0,1.0,1.0,1.0,0,0
SUBJ-0049,2.0,M,High,ST,20.5,3.0,4.0,22.0,1.0,22.0,22.0,DD,0.07225,0.006341473,0.09127442,95.0,Lab,,,,0,0,0,0.0,0,0,0,Non-Reproductive,2.66075,2.48075,2.15075,2.66275,2.48575,2.16375,2.437416667,2.437416667,7.0,1,1.0,1.0,0.0,1.0,1.0,1.0,0,0
SUBJ-0049,2.0,M,High,ST,20.0,3.0,4.0,17.0,,17.0,17.0,D,0.1055,0.037496667,0.21799,90.0,Lab,,,,0,0,0,0.0,0,0,0,Non-Reproductive,2.1465,1.6995,1.1805,2.13825,1.70475,1.19325,1.67875,1.67875,7.0,0,1.0,1.0,0.0,1.0,1.0,1.0,0,0
SUBJ-0049,2.0,M,High,ST,20.0,3.0,4.0,14.0,,14.0,14.0,D,0.111875,0.026297406,0.190767219,87.0,Lab,,,,0,0,0,0.0,0,0,0,Non-Reproductive,1.612125,1.095125,0.677125,1.662875,1.132375,0.711375,1.168875,1.168875,7.0,0,1.0,1.0,0.0,1.0,1.0,1.0,0,0
SUBJ-0049,2.0,M,High,ST,20.5,,,35.0,14.0,35.0,35.0,DD,0.107375,0.037450682,0.219727046,108.0,Lab,,,,0,0,0,0.0,0,0,0,Non-Reproductive,2.934625,2.832625,2.471625,2.9316875,2.8561875,2.5451875,2.7776875,2.7776875,,1,1.0,1.0,0.0,1.0,1.0,1.0,0,0
SUBJ-0050,2.0,M,High,SC,35.0,4.0,5.0,14.0,,14.0,14.0,D,0.0685,0.01011364,0.09884092,115.0,Lab,,,,0,0,0,0.0,0,0,0,Non-Reproductive,0.5595,0.3105,0.1555,0.5653125,0.3033125,0.1568125,0.3418125,0.3418125,9.0,0,1.0,1.0,0.0,1.0,1.0,1.0,0,0
SUBJ-0050,2.0,M,High,SC,35.0,4.0,5.0,17.0,,17.0,17.0,D,0.071,0.005554921,0.087664762,118.0,Lab,,,,0,0,0,0.0,0,0,0,Non-Reproductive,0.689,0.361,0.197,0.706625,0.369125,0.202125,0.425958333,0.425958333,9.0,0,1.0,1.0,0.0,1.0,1.0,1.0,0,0
SUBJ-0050,2.0,M,High,SC,34.5,5.0,5.0,22.0,1.0,22.0,22.0,DA,0.12075,0.053742109,0.281976327,123.0,Lab,,,,0,0,0,0.0,0,0,0,Non-Reproductive,0.56625,0.30725,0.14525,0.5828125,0.3243125,0.1563125,0.354479167,0.354479167,10.0,0,1.0,1.0,0.0,1.0,1.0,1.0,0,0
SUBJ-0051,2.0,M,High,ST,25.0,4.0,5.0,14.0,,14.0,14.0,D,0.071125,0.00653425,0.090727751,115.0,Lab,,,,0,0,0,0.0,0,0,0,Non-Reproductive,0.776875,0.511875,0.230875,0.7738125,0.4768125,0.2328125,0.494479167,0.494479167,9.0,0,1.0,1.0,0.0,1.0,1.0,1.0,0,0
SUBJ-0051,2.0,M,High,ST,21.5,,,35.0,14.0,35.0,35.0,DD,0.111875,0.026297406,0.190767219,136.0,Lab,,,,0,0,0,0.0,0,0,0,Non-Reproductive,2.224125,1.713125,1.141125,2.235875,1.749875,1.124375,1.703375,1.703375,,1,1.0,1.0,0.0,1.0,1.0,1.0,0,0
SUBJ-0052,2.0,M,High,PC,37.0,4.0,5.0,22.0,1.0,1.0,1.0,AD,0.4355,0.13659429,0.845282869,123.0,Lab,,,,0,0,0,0.0,0,0,0,Non-Reproductive,-0.0645,-0.1125,-0.0925,-0.0543125,-0.0908125,-0.0658125,-0.0703125,0.0,9.0,0,1.0,1.0,0.0,1.0,1.0,1.0,0,0
SUBJ-0053,2.0,F,Low,ST,17.0,,,35.0,14.0,35.0,35.0,DD,0.063875,0.007548652,0.086520955,99.0,Lab,,,,0,0,0,0.0,0,0,0,Non-Reproductive,2.884125,2.728125,2.469125,2.92775,2.73725,2.50125,2.722083333,2.722083333,,1,0.0,0.0,0.0,1.0,1.0,1.0,0,0
SUBJ-0053,2.0,F,Low,ST,16.0,2.0,4.0,22.0,1.0,22.0,22.0,DD,0.06375,0.005650537,0.080701612,86.0,Lab,,,,0,0,0,0.0,0,0,0,Non-Reproductive,1.89525,1.44625,0.99125,1.88525,1.47375,0.99325,1.45075,1.45075,6.0,1,0.0,0.0,0.0,1.0,1.0,1.0,0,0
SUBJ-0053,2.0,F,Low,ST,16.0,3.0,4.0,14.0,,14.0,14.0,D,0.0785,0.005154748,0.093964244,78.0,Lab,,,,0,0,0,0.0,0,0,0,Non-Reproductive,1.6035,1.0895,0.6745,1.6324375,1.1019375,0.6919375,1.142104167,1.142104167,7.0,0,0.0,0.0,0.0,1.0,1.0,1.0,0,0
SUBJ-0054,2.0,F,Low,PC,17.5,,,35.0,14.0,14.0,14.0,AD,0.063875,0.007548652,0.086520955,102.0,Lab,,,,0,0,0,0.0,0,0,0,Non-Reproductive,2.056125,1.658125,1.174125,2.05725,1.64875,1.18025,1.62875,1.62875,,0,0.0,0.0,0.0,1.0,1.0,1.0,0,0
SUBJ-0054,2.0,F,Low,PC,15.0,3.0,4.0,14.0,,14.0,,A,0.075375,0.00526274,0.091163219,81.0,Lab,,,,0,0,0,0.0,0,0,0,Non-Reproductive,-0.020375,-0.018375,-0.021375,-0.0185,-0.016,-0.0195,-0.018,0.0,7.0,0,0.0,0.0,0.0,1.0,1.0,0.0,0,0
SUBJ-0054,2.0,F,Low,PC,15.5,3.0,4.0,22.0,1.0,1.0,1.0,AD,0.120375,0.011500776,0.154877329,89.0,Lab,,,,0,0,0,0.0,0,0,0,Non-Reproductive,-0.030375,-0.038375,-0.024375,-0.0134375,-0.0209375,-0.0124375,-0.015604167,0.0,7.0,0,0.0,0.0,0.0,1.0,1.0,1.0,0,0
SUBJ-0054,2.0,F,Low,PC,15.0,3.0,4.0,17.0,,17.0,,A,0.090375,0.018376518,0.145504555,84.0,Lab,,,,0,0,0,0.0,0,0,0,Non-Reproductive,-0.028375,-0.020375,-0.022375,-0.0095,-0.0005,-0.0085,-0.006166667,0.0,7.0,0,0.0,0.0,0.0,1.0,1.0,0.0,0,0
SUBJ-0055,2.0,F,Low,SC,16.5,3.0,4.0,14.0,,14.0,14.0,D,0.070375,0.003925648,0.082151945,81.0,Lab,,,,0,0,0,0.0,0,0,0,Non-Reproductive,1.394625,0.970625,0.606625,1.3809375,0.9644375,0.5944375,0.9799375,0.9799375,7.0,0,0.0,0.0,0.0,1.0,1.0,1.0,0,0
SUBJ-0055,2.0,F,Low,SC,16.5,3.0,4.0,17.0,,17.0,17.0,D,0.1055,0.037496667,0.21799,84.0,Lab,,,,0,0,0,0.0,0,0,0,Non-Reproductive,2.4195,1.9375,1.5165,2.42375,1.97725,1.55675,1.985916667,1.985916667,7.0,0,0.0,0.0,0.0,1.0,1.0,1.0,0,0
SUBJ-0055,2.0,F,Low,SC,17.0,3.0,4.0,22.0,1.0,22.0,22.0,DA,0.0935,0.007230886,0.115192658,89.0,Lab,,,,0,0,0,0.0,0,0,0,Non-Reproductive,2.6755,2.5265,2.0795,2.67475,2.55625,2.13375,2.454916667,2.454916667,7.0,0,0.0,0.0,0.0,1.0,1.0,1.0,0,0
SUBJ-0055,2.0,F,Low,SC,19.5,,,35.0,14.0,35.0,35.0,DA,0.118125,0.0155236,0.164695799,102.0,Lab,,,,0,0,0,0.0,0,0,0,Non-Reproductive,2.796875,2.741875,2.519875,2.8383125,2.7153125,2.5523125,2.701979167,2.701979167,,0,0.0,0.0,0.0,1.0,1.0,1.0,0,0
SUBJ-0056,2.0,F,Low,SC,17.5,,,35.0,14.0,35.0,35.0,DA,0.069,0.007309485,0.090928455,108.0,Lab,,,,0,0,0,0.0,0,0,0,Non-Reproductive,2.621,2.332,1.964,2.623625,2.332125,1.980125,2.311958333,2.311958333,,0,0.0,0.0,0.0,1.0,1.0,1.0,0,0
SUBJ-0056,2.0,F,Low,SC,16.0,3.0,4.0,22.0,1.0,22.0,22.0,DA,0.125125,0.026835145,0.205630435,95.0,Lab,,,,0,0,0,0.0,0,0,0,Non-Reproductive,2.512875,2.020875,1.547875,2.5175625,2.0580625,1.5635625,2.046395833,2.046395833,7.0,0,0.0,0.0,0.0,1.0,1.0,1.0,0,0
SUBJ-0056,2.0,F,Low,SC,16.5,3.0,4.0,17.0,,17.0,17.0,D,0.118125,0.0155236,0.164695799,90.0,Lab,,,,0,0,0,0.0,0,0,0,Non-Reproductive,1.736875,1.269875,0.803875,1.7483125,1.2958125,0.8298125,1.2913125,1.2913125,7.0,0,0.0,0.0,0.0,1.0,1.0,1.0,0,0
SUBJ-0057,2.0,F,Low,ST,16.5,3.0,3.0,17.0,,17.0,17.0,D,0.069,0.007309485,0.090928455,90.0,Lab,,,,0,0,0,0.0,0,0,0,Non-Reproductive,2.425,2.2,1.854,2.445125,2.177125,1.840125,2.154125,2.154125,6.0,0,0.0,0.0,0.0,1.0,1.0,1.0,0,0
SUBJ-0057,2.0,F,Low,ST,16.5,3.0,3.0,14.0,,14.0,14.0,D,0.0745,0.005042675,0.089628025,87.0,Lab,,,,0,0,0,0.0,0,0,0,Non-Reproductive,1.8975,1.3145,0.8555,1.877125,1.373125,0.889625,1.379958333,1.379958333,6.0,0,0.0,0.0,0.0,1.0,1.0,1.0,0,0
SUBJ-0057,2.0,F,Low,ST,17.5,2.0,3.0,22.0,1.0,22.0,22.0,DD,0.0745,0.005042675,0.089628025,95.0,Lab,,,,0,0,0,0.0,0,0,0,Non-Reproductive,2.8175,2.6205,2.4065,2.823625,2.595625,2.440625,2.619958333,2.619958333,5.0,1,0.0,0.0,0.0,1.0,1.0,1.0,0,0
SUBJ-0057,2.0,F,Low,ST,18.5,,,35.0,14.0,35.0,35.0,DD,0.11925,0.017685749,0.172307247,108.0,Lab,,,,0,0,0,0.0,0,0,0,Non-Reproductive,2.89675,2.73075,2.66575,2.863875,2.748875,2.666875,2.759875,2.759875,,1,0.0,0.0,0.0,1.0,1.0,1.0,0,0
SUBJ-0058,2.0,F,Low,PC,17.0,,,35.0,14.0,14.0,14.0,AD,0.120375,0.011500776,0.154877329,108.0,Lab,,,,0,0,0,0.0,0,0,0,Non-Reproductive,1.433625,0.926625,0.527625,1.4295625,0.9445625,0.5525625,0.9755625,0.9755625,,0,0.0,0.0,0.0,1.0,1.0,1.0,0,0
SUBJ-0058,2.0,F,Low,PC,16.5,3.0,4.0,14.0,,14.0,,A,0.118125,0.0155236,0.164695799,87.0,Lab,,,,0,0,0,0.0,0,0,0,Non-Reproductive,-0.045125,-0.050125,-0.044125,-0.0261875,-0.0316875,-0.0326875,-0.0301875,0.0,7.0,0,0.0,0.0,0.0,1.0,1.0,0.0,0,0
SUBJ-0059,2.0,F,Low,SC,17.5,3.0,4.0,22.0,1.0,22.0,22.0,DA,0.085875,0.035686882,0.192935647,95.0,Lab,,,,0,0,0,0.0,0,0,0,Non-Reproductive,2.024125,1.760125,0.799125,1.9964375,1.7309375,0.7889375,1.5054375,1.5054375,7.0,0,0.0,0.0,0.0,1.0,1.0,1.0,0,0
SUBJ-0059,2.0,F,Low,SC,17.0,3.0,4.0,14.0,,14.0,14.0,D,0.125125,0.026835145,0.205630435,87.0,Lab,,,,0,0,0,0.0,0,0,0,Non-Reproductive,1.992875,1.480875,1.018875,1.9875625,1.5045625,1.0400625,1.510729167,1.510729167,7.0,0,0.0,0.0,0.0,1.0,1.0,1.0,0,0
SUBJ-0059,2.0,F,Low,SC,17.5,,,35.0,14.0,35.0,35.0,DA,0.110375,0.028218219,0.195029656,108.0,Lab,,,,0,0,0,0.0,0,0,0,Non-Reproductive,2.455625,2.034625,1.597625,2.491875,2.068375,1.629875,2.063375,2.063375,,0,0.0,0.0,0.0,1.0,1.0,1.0,0,0
SUBJ-0060,2.0,F,Low,PC,15.5,2.0,4.0,14.0,,14.0,,A,0.070125,0.006174545,0.088648634,87.0,Lab,,,,0,0,0,0.0,0,0,0,Non-Reproductive,-0.015125,-0.014125,-0.014125,-0.016375,-0.015875,-0.015375,-0.015875,0.0,6.0,0,0.0,0.0,0.0,1.0,1.0,0.0,0,0
SUBJ-0060,2.0,F,Low,PC,16.0,,,35.0,14.0,14.0,14.0,AD,0.07225,0.010525479,0.103826438,108.0,Lab,,,,0,0,0,0.0,0,0,0,Non-Reproductive,1.01775,0.59175,0.31375,0.992,0.603,0.325,0.64,0.64,,0,0.0,0.0,0.0,1.0,1.0,1.0,0,0
SUBJ-0060,2.0,F,Low,PC,15.5,2.0,4.0,17.0,,17.0,,A,0.075375,0.00526274,0.091163219,90.0,Lab,,,,0,0,0,0.0,0,0,0,Non-Reproductive,-0.007375,-0.007375,-0.007375,-0.003,-0.007,0.0025,-0.0025,0.0,6.0,0,0.0,0.0,0.0,1.0,1.0,0.0,0,0
SUBJ-0061,2.0,F,Low,ST,14.5,2.0,4.0,22.0,1.0,22.0,22.0,DD,0.1055,0.037496667,0.21799,78.0,Lab,,,,0,0,0,0.0,0,0,0,Non-Reproductive,1.2805,0.8065,0.4595,1.29825,0.82325,0.47625,0.865916667,0.865916667,6.0,1,0.0,0.0,0.0,1.0,1.0,1.0,0,0
SUBJ-0061,2.0,F,Low,ST,17.0,,,35.0,14.0,35.0,35.0,DD,0.10875,0.014801062,0.153153185,91.0,Lab,,,,0,0,0,0.0,0,0,0,Non-Reproductive,2.94625,2.63425,2.46725,2.91225,2.65775,2.50375,2.69125,2.69125,,1,0.0,0.0,0.0,1.0,1.0,1.0,0,0
SUBJ-0061,2.0,F,Low,ST,14.0,3.0,4.0,14.0,,14.0,14.0,D,0.10875,0.014801062,0.153153185,70.0,Lab,,,,0,0,0,0.0,0,0,0,Non-Reproductive,1.66125,1.22225,0.78725,1.67275,1.19575,0.80975,1.226083333,1.226083333,7.0,0,0.0,0.0,0.0,1.0,1.0,1.0,0,0
SUBJ-0061,2.0,F,Low,ST,14.0,3.0,4.0,17.0,,17.0,17.0,D,0.101375,0.013637527,0.142287581,73.0,Lab,,,,0,0,0,0.0,0,0,0,Non-Reproductive,2.115625,1.627625,1.141625,2.107125,1.621625,1.132625,1.620458333,1.620458333,7.0,0,0.0,0.0,0.0,1.0,1.0,1.0,0,0
SUBJ-0062,2.0,F,High,SC,20.0,,,35.0,14.0,35.0,35.0,DA,0.070125,0.006174545,0.088648634,91.0,Lab,,,,0,0,0,0.0,0,0,0,Non-Reproductive,2.828875,2.638875,2.277875,2.809625,2.638125,2.282125,2.576625,2.576625,,0,1.0,0.0,0.0,1.0,1.0,1.0,0,0
SUBJ-0062,2.0,F,High,SC,19.0,3.0,4.0,22.0,1.0,22.0,22.0,DA,0.090375,0.018376518,0.145504555,78.0,Lab,,,,0,0,0,0.0,0,0,0,Non-Reproductive,2.448625,1.942625,1.542625,2.4675,1.9565,1.563,1.995666667,1.995666667,7.0,0,1.0,0.0,0.0,1.0,1.0,1.0,0,0
SUBJ-0062,2.0,F,High,SC,,3.0,4.0,14.0,,14.0,14.0,D,0.09675,0.026537036,0.176361108,70.0,Lab,,,,0,0,0,0.0,0,0,0,Non-Reproductive,1.16725,0.77625,0.44525,1.2095,0.803,0.4655,0.826,0.826,7.0,0,1.0,0.0,0.0,1.0,1.0,1.0,0,0
SUBJ-0062,2.0,F,High,SC,,3.0,4.0,17.0,,17.0,17.0,D,0.107375,0.037450682,0.219727046,73.0,Lab,,,,0,0,0,0.0,0,0,0,Non-Reproductive,1.954625,1.322625,0.823625,1.8831875,1.3296875,0.8506875,1.354520833,1.354520833,7.0,0,1.0,0.0,0.0,1.0,1.0,1.0,0,0
SUBJ-0063,2.0,F,High,ST,20.0,3.0,4.0,17.0,,17.0,17.0,D,0.06375,0.005650537,0.080701612,85.0,Lab,,,,0,0,0,0.0,0,0,0,Non-Reproductive,1.68425,1.25025,0.81725,1.67625,1.25425,0.79775,1.24275,1.24275,7.0,0,1.0,0.0,0.0,1.0,1.0,1.0,0,0
SUBJ-0063,2.0,F,High,ST,20.0,3.0,4.0,14.0,,14.0,14.0,D,0.0785,0.005154748,0.093964244,82.0,Lab,,,,0,0,0,0.0,0,0,0,Non-Reproductive,1.1665,0.7475,0.4145,1.1799375,0.7599375,0.4214375,0.787104167,0.787104167,7.0,0,1.0,0.0,0.0,1.0,1.0,1.0,0,0
SUBJ-0063,2.0,F,High,ST,,,,35.0,14.0,35.0,35.0,DD,0.071,0.005554921,0.087664762,103.0,Lab,,,,0,0,0,0.0,0,0,0,Non-Reproductive,2.711,2.447,2.131,2.724125,2.461625,2.085625,2.423791667,2.423791667,,1,1.0,0.0,0.0,1.0,1.0,1.0,0,0
SUBJ-0064,2.0,F,High,PC,23.0,4.0,4.0,17.0,,17.0,,A,0.071125,0.00653425,0.090727751,85.0,Lab,,,,0,0,0,0.0,0,0,0,Non-Reproductive,-0.022125,-0.014125,-0.018125,-0.0206875,-0.0166875,-0.0176875,-0.018354167,0.0,8.0,0,1.0,0.0,0.0,1.0,1.0,0.0,0,0
SUBJ-0064,2.0,F,High,PC,22.5,3.0,4.0,22.0,1.0,1.0,1.0,AD,0.071125,0.00653425,0.090727751,90.0,Lab,,,,0,0,0,0.0,0,0,0,Non-Reproductive,0.002875,0.001875,-0.016125,0.0023125,0.0003125,-0.0161875,-0.004520833,0.0,7.0,0,1.0,0.0,0.0,1.0,1.0,1.0,0,0
SUBJ-0064,2.0,F,High,PC,22.5,,,35.0,14.0,14.0,14.0,AD,0.4355,0.13659429,0.845282869,103.0,Lab,,,,0,0,0,0.0,0,0,0,Non-Reproductive,1.6505,1.2585,0.7285,1.6591875,1.2251875,0.7356875,1.2066875,1.2066875,,0,1.0,0.0,0.0,1.0,1.0,1.0,0,0
SUBJ-0064,2.0,F,High,PC,23.0,4.0,4.0,14.0,,14.0,,A,0.11625,0.01454795,0.159893851,82.0,Lab,,,,0,0,0,0.0,0,0,0,Non-Reproductive,-0.05425,-0.04825,-0.04725,-0.0265,-0.022,-0.0295,-0.026,0.0,8.0,0,1.0,0.0,0.0,1.0,1.0,0.0,0,0
SUBJ-0065,2.0,F,High,ST,26.0,4.0,5.0,17.0,,17.0,17.0,D,0.12075,0.053742109,0.281976327,85.0,Lab,,,,0,0,0,0.0,0,0,0,Non-Reproductive,1.30525,0.87525,0.52925,1.3173125,0.8763125,0.5128125,0.902145833,0.902145833,9.0,0,1.0,0.0,0.0,1.0,1.0,1.0,0,0
SUBJ-0065,2.0,F,High,ST,29.5,4.0,5.0,22.0,1.0,22.0,22.0,DD,0.659375,0.040305751,0.780292253,90.0,Lab,,,,0,0,0,0.0,0,0,0,Non-Reproductive,1.828625,1.334625,0.938625,1.8546875,1.3521875,0.9441875,1.3836875,1.3836875,9.0,1,1.0,0.0,0.0,1.0,1.0,1.0,0,0
SUBJ-0065,2.0,F,High,ST,32.5,,,35.0,14.0,35.0,35.0,DD,0.5945,0.209919713,1.224259138,103.0,Lab,,,,0,0,0,0.0,0,0,0,Non-Reproductive,2.6565,2.5295,2.4205,2.70375,2.50425,2.37475,2.527583333,2.527583333,,1,1.0,0.0,0.0,1.0,1.0,1.0,0,0
SUBJ-0065,2.0,F,High,ST,26.0,4.0,5.0,14.0,,14.0,14.0,D,0.110375,0.028218219,0.195029656,82.0,Lab,,,,0,0,0,0.0,0,0,0,Non-Reproductive,1.199625,0.835625,0.479625,1.248375,0.846375,0.509375,0.868041667,0.868041667,9.0,0,1.0,0.0,0.0,1.0,1.0,1.0,0,0
SUBJ-0066,2.0,F,High,SC,21.0,3.0,4.0,17.0,,17.0,17.0,D,0.067875,0.016383245,0.117024735,85.0,Lab,,,,0,0,0,0.0,0,0,0,Non-Reproductive,1.742125,1.168125,0.670125,1.758,1.1355,0.6755,1.189666667,1.189666667,7.0,0,1.0,0.0,0.0,1.0,1.0,1.0,0,0
SUBJ-0066,2.0,F,High,SC,24.0,,,35.0,14.0,35.0,35.0,DA,0.071125,0.00653425,0.090727751,103.0,Lab,,,,0,0,0,0.0,0,0,0,Non-Reproductive,2.864875,2.708875,2.255875,2.8688125,2.7218125,2.2733125,2.6213125,2.6213125,,0,1.0,0.0,0.0,1.0,1.0,1.0,0,0
SUBJ-0066,2.0,F,High,SC,22.0,3.0,4.0,22.0,1.0,22.0,22.0,DA,0.120375,0.011500776,0.154877329,90.0,Lab,,,,0,0,0,0.0,0,0,0,Non-Reproductive,2.557625,2.010625,1.416625,2.4355625,2.0540625,1.4440625,1.977895833,1.977895833,7.0,0,1.0,0.0,0.0,1.0,1.0,1.0,0,0
SUBJ-0066,2.0,F,High,SC,19.5,3.0,4.0,14.0,,14.0,14.0,D,0.5945,0.209919713,1.224259138,82.0,Lab,,,,0,0,0,0.0,0,0,0,Non-Reproductive,1.1795,0.7525,0.5135,1.20125,0.74525,0.49425,0.813583333,0.0,7.0,0,1.0,0.0,0.0,1.0,1.0,1.0,0,0
SUBJ-0067,2.0,F,High,PC,23.5,3.0,4.0,22.0,1.0,1.0,1.0,AD,0.070375,0.003925648,0.082151945,95.0,Lab,,,,0,0,0,0.0,0,0,0,Non-Reproductive,0.008625,-0.000375,-0.004375,0.0124375,0.0029375,-0.0010625,0.004770833,0.0,7.0,0,1.0,0.0,0.0,1.0,1.0,1.0,0,0
SUBJ-0067,2.0,F,High,PC,23.5,3.0,4.0,14.0,,14.0,,A,0.0685,0.01011364,0.09884092,87.0,Lab,,,,0,0,0,0.0,0,0,0,Non-Reproductive,-0.0125,-0.0145,-0.0175,-0.0126875,-0.0151875,-0.0161875,-0.0146875,0.0,7.0,0,1.0,0.0,0.0,1.0,1.0,0.0,0,0
SUBJ-0067,2.0,F,High,PC,24.0,,,35.0,14.0,14.0,14.0,AD,0.1055,0.037496667,0.21799,108.0,Lab,,,,0,0,0,0.0,0,0,0,Non-Reproductive,2.0015,1.2075,1.0835,2.02125,1.20675,1.10725,1.445083333,1.445083333,,0,1.0,0.0,0.0,1.0,1.0,1.0,0,0
SUBJ-0068,2.0,F,High,ST,19.0,3.0,4.0,22.0,1.0,22.0,22.0,DD,0.067875,0.016383245,0.117024735,95.0,Lab,,,,0,0,0,0.0,0,0,0,Non-Reproductive,2.140125,1.613125,1.085125,2.172,1.5985,1.086,1.618833333,1.618833333,7.0,1,1.0,0.0,0.0,1.0,1.0,1.0,0,0
SUBJ-0068,2.0,F,High,ST,18.5,3.0,4.0,14.0,,14.0,14.0,D,0.0935,0.007230886,0.115192658,87.0,Lab,,,,0,0,0,0.0,0,0,0,Non-Reproductive,0.6585,0.3645,0.1945,0.66975,0.36475,0.20375,0.41275,0.41275,7.0,0,1.0,0.0,0.0,1.0,1.0,1.0,0,0
SUBJ-0068,2.0,F,High,ST,19.0,,,35.0,14.0,35.0,35.0,DD,0.101375,0.013637527,0.142287581,108.0,Lab,,,,0,0,0,0.0,0,0,0,Non-Reproductive,2.786625,2.472625,2.161625,2.802125,2.511625,2.186125,2.499958333,2.499958333,,1,1.0,0.0,0.0,1.0,1.0,1.0,0,0
SUBJ-0069,2.0,F,High,PC,21.5,,,35.0,14.0,14.0,14.0,AD,0.070375,0.003925648,0.082151945,108.0,Lab,,,,0,0,0,0.0,0,0,0,Non-Reproductive,1.586625,1.072625,0.649625,1.5544375,1.0674375,0.6489375,1.090270833,1.090270833,,0,1.0,0.0,0.0,1.0,1.0,1.0,0,0
SUBJ-0069,2.0,F,High,PC,19.5,3.0,4.0,17.0,,17.0,,A,0.125125,0.026835145,0.205630435,90.0,Lab,,,,0,0,0,0.0,0,0,0,Non-Reproductive,0.563875,0.271875,0.110875,0.5450625,0.2575625,0.1075625,0.303395833,0.303395833,7.0,0,1.0,0.0,0.0,1.0,1.0,0.0,0,0
SUBJ-0069,2.0,F,High,PC,19.5,3.0,4.0,14.0,,14.0,,A,0.110375,0.028218219,0.195029656,87.0,Lab,,,,0,0,0,0.0,0,0,0,Non-Reproductive,-0.046375,-0.034375,-0.033375,-0.037625,-0.024625,-0.023125,-0.028458333,0.0,7.0,0,1.0,0.0,0.0,1.0,1.0,0.0,0,0
SUBJ-0069,2.0,F,High,PC,19.5,3.0,4.0,22.0,1.0,1.0,1.0,AD,0.09675,0.026537036,0.176361108,95.0,Lab,,,,0,0,0,0.0,0,0,0,Non-Reproductive,-0.01675,-0.01975,-0.01675,-0.02,-0.017,-0.0145,-0.017166667,0.0,7.0,0,1.0,0.0,0.0,1.0,1.0,1.0,0,0
SUBJ-0070,2.0,F,High,SC,25.5,4.0,5.0,14.0,,14.0,14.0,D,0.085875,0.035686882,0.192935647,87.0,Lab,,,,0,0,0,0.0,0,0,0,Non-Reproductive,0.978125,0.576125,0.292125,0.9709375,0.5724375,0.2934375,0.612270833,0.612270833,9.0,0,1.0,0.0,0.0,1.0,1.0,1.0,0,0
SUBJ-0070,2.0,F,High,SC,30.5,,,35.0,14.0,35.0,35.0,DA,0.075375,0.00526274,0.091163219,108.0,Lab,,,,0,0,0,0.0,0,0,0,Non-Reproductive,2.599625,2.380625,1.846625,2.6065,2.3135,1.8575,2.259166667,2.259166667,,0,1.0,0.0,0.0,1.0,1.0,1.0,0,0
SUBJ-0070,2.0,F,High,SC,28.0,4.0,5.0,22.0,1.0,22.0,22.0,DA,0.09675,0.026537036,0.176361108,95.0,Lab,,,,0,0,0,0.0,0,0,0,Non-Reproductive,1.77625,1.36925,0.98225,1.804,1.406,0.9905,1.400166667,1.400166667,9.0,0,1.0,0.0,0.0,1.0,1.0,1.0,0,0
SUBJ-0071,,F,High,,24.0,2.0,2.0,,,,,A,0.069125,0.006352903,0.088183709,,Wild,A,P,80.0,0,0,0,0.0,0,0,0,Reproductive,-0.017125,-0.015125,-0.016125,-0.0185625,-0.0195625,-0.0195625,-0.019229167,0.0,4.0,0,1.0,0.0,1.0,1.0,0.0,1.0,0,0
SUBJ-0072,,M,High,,25.0,2.0,2.0,,,,,A,0.05475,0.005214163,0.07039249,,Wild,A,S,85.0,2,0,0,0.0,0,0,0,Reproductive,0.00325,-0.00075,-0.00375,0.0065625,-0.0004375,0.0030625,0.0030625,0.0,4.0,0,1.0,1.0,1.0,1.0,0.0,1.0,0,0
SUBJ-0073,,F,Low,DD,14.5,2.0,2.0,16.0,,16.0,16.0,D,0.059625,0.004090767,0.071897301,,Wild,A,P,70.0,0,0,0,0.0,0,0,0,Reproductive,1.088375,0.640375,0.324375,1.107,0.626,0.3285,0.687166667,0.687166667,4.0,0,0.0,0.0,1.0,1.0,0.0,1.0,0,0
SUBJ-0073,,F,Low,DD,15.0,3.0,3.0,14.0,,14.0,14.0,D,0.058285714,0.008344618,0.083319569,,Wild,A,P,79.0,1,0,1,0.0,0,0,0,Reproductive,1.015714286,0.591714286,0.321714286,1.059785715,0.615785715,0.338785715,0.671452381,0.671452381,6.0,0,0.0,0.0,1.0,1.0,0.0,1.0,0,0
SUBJ-0073,,F,Low,DD,17.5,3.0,2.0,37.0,16.0,37.0,37.0,DD,0.0655,0.005809475,0.082928425,,Wild,A,G,80.0,3,0,1,0.0,2,0,0,Reproductive,2.1955,1.6225,0.9795,2.1336875,1.5876875,1.0011875,1.5741875,1.5741875,5.0,1,0.0,0.0,1.0,1.0,0.0,1.0,0,0
SUBJ-0074,,M,High,D,15.5,3.0,4.0,6.0,,6.0,6.0,D,0.060375,0.005475799,0.076802397,,Wild,SA,A,80.0,0,0,0,0.0,0,0,0,Non-Reproductive,0.014625,0.004625,-0.005375,0.0181875,0.0066875,-0.0003125,0.0081875,0.0,7.0,0,1.0,1.0,0.0,0.0,0.0,1.0,0,0
SUBJ-0075,,M,Low,AD,21.0,2.0,2.0,27.0,7.0,7.0,7.0,AD,0.066571429,0.014646864,0.110512019,,Wild,A,D,94.0,2,0,3,0.0,0,0,0,Non-Reproductive,0.016428571,-0.006571429,-0.005571429,0.011285714,-0.006714286,-0.005714286,-0.000380953,0.0,4.0,0,0.0,1.0,0.0,1.0,0.0,1.0,0,0
SUBJ-0075,,M,Low,AD,18.5,3.0,3.0,13.0,,13.0,,A,0.060375,0.005475799,0.076802397,,Wild,A,S,86.0,0,1,1,0.0,0,0,0,Reproductive,-0.009375,-0.009375,-0.010375,-0.0088125,-0.0078125,-0.0093125,-0.008645833,0.0,6.0,0,0.0,1.0,1.0,1.0,0.0,0.0,0,0
SUBJ-0075,,M,Low,AD,19.5,2.0,2.0,20.0,0.0,20.0,,A,0.0595,0.004213075,0.072139225,,Wild,A,D,83.0,0,0,1,0.0,0,0,0,Non-Reproductive,-0.0035,-0.0075,0.0085,-0.00075,-0.00475,0.01075,0.00175,0.0,4.0,0,0.0,1.0,0.0,1.0,0.0,0.0,0,0
SUBJ-0076,,F,High,D,26.0,2.0,2.0,6.0,,6.0,6.0,D,0.066571429,0.014646864,0.110512019,,Wild,A,G,90.0,5,1,3,0.0,0,0,0,Reproductive,-0.015571429,-0.016571429,-0.014571429,-0.016214286,-0.017714286,-0.016714286,-0.016880953,0.0,4.0,0,1.0,0.0,1.0,1.0,0.0,1.0,0,0
SUBJ-0076,,F,High,D,22.5,2.0,3.0,14.0,,14.0,14.0,D,0.063375,0.004922842,0.078143527,,Wild,A,P,87.0,0,0,6,0.0,0,0,0,Reproductive,1.225625,0.789625,0.425625,1.24775,0.78475,0.43075,0.821083333,0.821083333,5.0,0,1.0,0.0,1.0,1.0,0.0,1.0,0,0
SUBJ-0077,,F,High,DD,25.0,2.0,3.0,63.0,44.0,63.0,63.0,DD,0.070625,0.014585417,0.11438125,,Wild,A,G/L,90.0,0,0,1,0.0,0,0,0,Reproductive,1.955375,1.418375,0.858375,1.990116072,1.411616072,0.847116072,1.416282738,1.416282738,5.0,1,1.0,0.0,1.0,1.0,0.0,1.0,0,0
SUBJ-0077,,F,High,DD,27.0,2.0,2.0,54.0,35.0,54.0,54.0,DD,0.055125,0.003407253,0.06534676,,Wild,A,L,90.0,0,0,0,0.0,0,0,0,Reproductive,1.877875,1.123875,0.812875,1.8888125,1.1203125,0.8063125,1.2718125,1.2718125,4.0,1,1.0,0.0,1.0,1.0,0.0,1.0,0,0
SUBJ-0077,,F,High,DD,24.0,2.0,2.0,19.0,0.0,19.0,19.0,D,0.0655,0.005809475,0.082928425,,Wild,A,P,85.0,0,0,0,0.0,0,0,0,Reproductive,1.7565,1.2055,0.6685,1.7316875,1.1786875,0.6561875,1.188854167,1.188854167,4.0,0,1.0,0.0,1.0,1.0,0.0,1.0,0,0
SUBJ-0077,,F,High,DD,21.0,2.0,3.0,13.0,,13.0,13.0,D,0.0615,0.006751543,0.081754629,,Wild,A,P,81.0,0,0,4,0.0,0,0,0,Reproductive,1.0345,0.6035,0.3105,1.046583334,0.605583334,0.315083334,0.65575,0.65575,5.0,0,1.0,0.0,1.0,1.0,0.0,1.0,0,0
SUBJ-0077,,F,High,DD,26.0,2.0,2.0,33.0,14.0,33.0,33.0,DD,0.0615,0.006751543,0.081754629,,Wild,A,G,88.0,0,0,0,0.0,0,0,0,Reproductive,2.6955,2.3425,1.6825,2.654083334,2.343083334,1.696583334,2.23125,2.23125,4.0,1,1.0,0.0,1.0,1.0,0.0,1.0,0,0
SUBJ-0078,,F,High,AD,21.0,2.0,3.0,6.0,,6.0,,A,0.060875,0.005710462,0.078006386,,Wild,A,P,96.0,0,0,0,0.0,0,0,0,Reproductive,-0.008875,-0.011875,-0.010875,-0.0094375,-0.0089375,-0.0084375,-0.0089375,0.0,5.0,0,1.0,0.0,1.0,1.0,0.0,0.0,1,22
SUBJ-0078,,F,Low,AD,22.0,3.0,3.0,48.0,0.0,48.0,,A,0.060375,0.005475799,0.076802397,,Wild,A,P,92.0,1,0,1,0.0,0,0,0,Reproductive,-0.000375,-0.004375,-0.007375,-0.0008125,-0.0038125,-0.0068125,-0.0038125,0.0,6.0,0,0.0,0.0,1.0,1.0,0.0,0.0,1,22
SUBJ-0078,,F,High,AD,22.0,3.0,3.0,29.0,,29.0,,A,0.06525,0.011188722,0.098816166,,Wild,A,P,85.0,0,0,1,0.0,0,0,0,Reproductive,-0.01225,-0.01425,-0.01725,-0.0085,-0.0145,-0.018,-0.013666667,0.0,6.0,0,1.0,0.0,1.0,1.0,0.0,0.0,1,22
SUBJ-0078,,F,Low,AD,25.0,3.0,3.0,50.0,2.0,2.0,2.0,AD,0.065125,0.005254462,0.080888387,,Wild,A,P,93.0,0,0,0,0.0,0,0,0,Reproductive,-0.005125,-0.004125,-0.011125,0.000125,-0.006875,-0.012375,-0.006375,0.0,6.0,0,0.0,0.0,1.0,1.0,0.0,1.0,1,22
SUBJ-0078,,F,High,AD,25.0,2.0,2.0,22.0,,22.0,,A,0.05775,0.005117372,0.073102117,,Wild,A,G,90.0,2,0,0,0.0,0,0,0,Reproductive,-0.01075,-0.00975,-0.01075,-0.0085625,-0.0095625,-0.0065625,-0.008229167,0.0,4.0,0,1.0,0.0,1.0,1.0,0.0,0.0,1,22
SUBJ-0078,,F,Low,AD,17.5,2.0,2.0,63.0,15.0,15.0,15.0,AD,0.06325,0.006057021,0.081421062,,Wild,A,NP,92.0,8,0,0,0.0,22,0,0,Non-Reproductive,1.51175,0.91575,0.50775,1.5593125,0.9393125,0.5078125,1.002145833,1.002145833,4.0,0,0.0,0.0,0.0,1.0,0.0,1.0,1,22
SUBJ-0079,,M,High,DA,23.5,2.0,2.0,33.0,13.0,33.0,33.0,DA,0.070625,0.014585417,0.11438125,,Wild,A,S,93.0,0,1,1,0.802,30,120,0,Reproductive,0.332375,0.175375,0.072375,0.339116072,0.172616072,0.078116072,0.196616072,0.196616072,4.0,0,1.0,1.0,1.0,1.0,0.0,1.0,1,30
SUBJ-0079,,M,High,DA,24.5,2.0,2.0,21.0,1.0,21.0,21.0,DA,0.059625,0.004090767,0.071897301,,Wild,A,S,85.0,0,1,0,0.0,0,0,0,Reproductive,0.653375,0.336375,0.172375,0.635,0.338,0.169,0.380666667,0.380666667,4.0,0,1.0,1.0,1.0,1.0,0.0,1.0,0,0
SUBJ-0080,,M,High,DD,26.5,2.0,3.0,34.0,14.0,34.0,34.0,DD,0.069285714,0.01072666,0.101465693,,Wild,A,S,99.0,0,0,0,0.888,17,1,2,Reproductive,1.507714286,0.895714286,0.476714286,1.481357143,0.870357143,0.483857143,0.945190476,0.945190476,5.0,1,1.0,1.0,1.0,1.0,0.0,1.0,1,17
SUBJ-0081,,M,High,DD,19.0,3.0,2.0,19.0,0.0,19.0,19.0,D,0.055125,0.003407253,0.06534676,,Wild,A,D,81.0,0,0,0,0.0,0,0,0,Non-Reproductive,0.586875,0.301875,0.159875,0.5913125,0.3033125,0.1613125,0.351979167,0.351979167,5.0,0,1.0,1.0,0.0,1.0,0.0,1.0,0,0
SUBJ-0081,,M,Low,DD,19.0,3.0,3.0,14.0,,14.0,14.0,D,0.065125,0.005254462,0.080888387,,Wild,A,S,75.0,0,0,0,0.0,0,0,0,Reproductive,0.562875,0.287875,0.131875,0.569625,0.281625,0.133125,0.328125,0.328125,6.0,0,0.0,1.0,1.0,1.0,0.0,1.0,0,0
SUBJ-0081,,M,High,DD,20.0,2.0,2.0,26.0,7.0,26.0,26.0,DD,0.069285714,0.01072666,0.101465693,,Wild,A,D,91.0,1,1,1,0.0,0,0,0,Non-Reproductive,2.087714286,1.491714286,0.844714286,1.992857143,1.411857143,0.850857143,1.41852381,1.41852381,4.0,1,1.0,1.0,0.0,1.0,0.0,1.0,0,0
SUBJ-0081,,M,Low,DD,18.5,3.0,3.0,21.0,2.0,21.0,21.0,DD,0.0615,0.006751543,0.081754629,,Wild,A,S,78.0,0,0,0,0.0,0,0,0,Reproductive,0.7065,0.3755,0.1945,0.723083334,0.378583334,0.198583334,0.433416667,0.433416667,6.0,1,0.0,1.0,1.0,1.0,0.0,1.0,0,0
SUBJ-0082,,M,High,AD,27.5,3.0,4.0,21.0,2.0,2.0,2.0,AD,0.070625,0.014585417,0.11438125,,Wild,A,S,92.0,0,0,3,0.0,0,0,0,Reproductive,-0.013625,-0.017625,-0.020625,-0.008383929,-0.013883929,-0.015383929,-0.012550595,0.0,7.0,0,1.0,1.0,1.0,1.0,0.0,1.0,1,20
SUBJ-0082,,M,High,AD,25.5,2.0,2.0,26.0,7.0,7.0,7.0,AD,0.065125,0.005254462,0.080888387,,Wild,A,S,90.0,1,0,0,0.0,0,0,0,Reproductive,0.100875,0.048875,0.014875,0.105625,0.051125,0.012125,0.056291667,0.0,4.0,0,1.0,1.0,1.0,1.0,0.0,1.0,1,20
SUBJ-0082,,M,High,AD,26.0,2.0,2.0,12.0,,12.0,,A,0.0595,0.004213075,0.072139225,,Wild,A,S,80.0,3,0,0,0.0,0,0,0,Reproductive,-0.0035,-0.0065,-0.0055,-0.00325,-0.00575,-0.00275,-0.003916667,0.0,4.0,0,1.0,1.0,1.0,1.0,0.0,0.0,1,20
SUBJ-0082,,M,High,AD,27.0,3.0,3.0,33.0,14.0,14.0,14.0,AD,0.06325,0.006057021,0.081421062,,Wild,A,S,80.0,12,0,0,0.973,20,3,3,Reproductive,0.65675,0.36475,0.17875,0.6763125,0.3648125,0.1798125,0.406979167,0.406979167,6.0,0,1.0,1.0,1.0,1.0,0.0,1.0,1,20
SUBJ-0083,,M,High,D,19.0,2.0,2.0,36.0,,36.0,36.0,D,0.069125,0.006352903,0.088183709,,Wild,A,A,83.0,4,0,0,0.0,0,0,0,Non-Reproductive,-0.008125,-0.012125,-0.017125,-0.0065625,-0.0150625,-0.0195625,-0.013729167,0.0,4.0,0,1.0,1.0,0.0,1.0,0.0,1.0,0,0
SUBJ-0084,,F,High,,22.0,3.0,3.0,,,,,,0.058285714,0.008344618,0.083319569,,Wild,A,P,79.0,0,0,2,0.0,0,0,0,Reproductive,-0.005285714,-0.008285714,-0.007285714,-0.004214286,-0.007214286,-0.007214286,-0.006214286,0.0,6.0,0,1.0,0.0,1.0,1.0,0.0,1.0,0,0
SUBJ-0084,,F,High,,22.0,2.0,3.0,,,,,,0.060375,0.005475799,0.076802397,,Wild,A,P,83.0,6,1,1,0.0,0,0,0,Reproductive,-0.009375,-0.000375,-0.010375,-0.0078125,-0.0033125,-0.0093125,-0.0068125,0.0,5.0,0,1.0,0.0,1.0,1.0,0.0,1.0,0,0
SUBJ-0085,,M,Low,,27.0,2.0,3.0,,,,,,0.06525,0.011188722,0.098816166,,Wild,A,S,85.0,0,0,0,0.0,0,0,0,Reproductive,-0.00725,-0.01225,-0.01125,0.0005,-0.015,-0.0085,-0.007666667,0.0,5.0,0,0.0,1.0,1.0,1.0,0.0,1.0,0,0
SUBJ-0085,,M,High,,27.0,3.0,4.0,,,,,,0.069125,0.006352903,0.088183709,,Wild,A,S,85.0,9,0,1,0.0,0,0,0,Reproductive,-0.017125,-0.017125,-0.017125,-0.0190625,-0.0205625,-0.0195625,-0.019729167,0.0,7.0,0,1.0,1.0,1.0,1.0,0.0,1.0,0,0
SUBJ-0085,,M,Low,,25.0,2.0,3.0,,,,,,0.069125,0.006352903,0.088183709,,Wild,A,S,98.0,6,0,1,0.0,0,0,0,Reproductive,-0.013125,-0.016125,-0.008125,-0.0095625,-0.0165625,-0.0055625,-0.0105625,0.0,5.0,0,0.0,1.0,1.0,1.0,0.0,1.0,0,0
SUBJ-0086,,M,High,,27.0,2.0,3.0,,,,,,0.06525,0.011188722,0.098816166,,Wild,A,S,96.0,0,0,2,0.0,0,0,0,Reproductive,-0.00825,-0.00925,-0.01125,-0.01,-0.013,-0.015,-0.012666667,0.0,5.0,0,1.0,1.0,1.0,1.0,0.0,1.0,0,0
SUBJ-0087,,M,Low,,25.0,2.0,3.0,,,,,,0.06525,0.011188722,0.098816166,,Wild,A,S,100.0,1,0,1,0.0,0,0,0,Reproductive,0.00275,-0.00625,-0.01125,-0.0005,-0.009,-0.0145,-0.008,0.0,5.0,0,0.0,1.0,1.0,1.0,0.0,1.0,0,0
SUBJ-0088,,M,High,DD,20.0,3.0,2.0,36.0,8.0,36.0,36.0,DD,0.0595,0.005123475,0.074870426,,Wild,A,D,85.0,2,0,1,0.13,7,10,0,Non-Reproductive,2.7265,2.3325,1.6915,2.6966875,2.2896875,1.7096875,2.232020833,2.232020833,5.0,1,1.0,1.0,0.0,1.0,0.0,1.0,1,7
SUBJ-0088,,M,High,DD,19.0,3.0,2.0,7.0,,7.0,7.0,D,0.063375,0.004922842,0.078143527,,Wild,A,D,82.0,0,0,5,0.0,0,0,0,Non-Reproductive,0.196625,0.099625,0.041625,0.20475,0.10025,0.04275,0.115916667,0.115916667,5.0,0,1.0,1.0,0.0,1.0,0.0,1.0,1,7
SUBJ-0088,,M,High,DD,18.0,2.0,2.0,28.0,0.0,28.0,28.0,D,0.069125,0.006352903,0.088183709,,Wild,A,S,78.0,1,0,4,0.0,0,0,0,Reproductive,1.490875,0.873875,0.506875,1.4729375,0.8629375,0.5049375,0.9469375,0.9469375,4.0,0,1.0,1.0,1.0,1.0,0.0,1.0,1,7
SUBJ-0089,,F,High,,24.5,3.0,3.0,,,,,,0.060375,0.005475799,0.076802397,,Wild,A,NP,92.0,0,0,3,0.0,0,0,0,Non-Reproductive,-0.008375,-0.008375,-0.010375,-0.0063125,-0.0083125,-0.0088125,-0.0078125,0.0,6.0,0,1.0,0.0,0.0,1.0,0.0,1.0,0,0
SUBJ-0089,,F,High,,24.5,3.0,2.0,,,,,,0.05475,0.005214163,0.07039249,,Wild,A,P,90.0,4,1,5,0.0,0,0,0,Reproductive,-0.00375,0.00325,0.02025,-0.0019375,0.0020625,0.0105625,0.0035625,0.0,5.0,0,1.0,0.0,1.0,1.0,0.0,1.0,0,0
SUBJ-0089,,F,High,,26.0,2.0,2.0,,,,,,0.0595,0.004213075,0.072139225,,Wild,A,L,90.0,0,0,1,0.0,0,0,0,Reproductive,-0.0085,-0.0085,-0.0075,-0.00775,-0.00825,-0.00375,-0.006583333,0.0,4.0,0,1.0,0.0,1.0,1.0,0.0,1.0,0,0
SUBJ-0090,,M,Low,DA,18.5,2.0,2.0,19.0,0.0,19.0,19.0,D,0.070625,0.014585417,0.11438125,,Wild,A,D,90.0,0,1,2,0.0,0,0,0,Non-Reproductive,1.965375,0.554375,1.409375,1.926616072,0.555616072,1.413116072,1.298449405,1.298449405,4.0,0,0.0,1.0,0.0,1.0,0.0,1.0,1,2
SUBJ-0090,,M,Low,DA,17.0,3.0,4.0,12.0,,12.0,12.0,D,0.060375,0.005475799,0.076802397,,Wild,A,D,80.0,2,0,1,0.0,0,0,0,Non-Reproductive,0.576625,0.001625,0.282625,0.5921875,0.0056875,0.2886875,0.295520833,0.295520833,7.0,0,0.0,1.0,0.0,1.0,0.0,1.0,1,2
SUBJ-0090,,M,High,DA,17.0,2.0,2.0,26.0,7.0,26.0,26.0,DA,0.05775,0.005117372,0.073102117,,Wild,A,D,79.0,1,0,0,0.0,0,0,0,Non-Reproductive,1.90725,1.22125,0.70425,1.9244375,1.2279375,0.7099375,1.2874375,1.2874375,4.0,0,1.0,1.0,0.0,1.0,0.0,1.0,1,2
SUBJ-0090,,M,Low,DA,16.0,2.0,2.0,33.0,14.0,33.0,33.0,DA,0.06325,0.006057021,0.081421062,,Wild,A,D,77.0,0,0,1,0.131,2,105,0,Non-Reproductive,1.86775,1.19975,0.72675,1.8468125,1.1963125,0.7273125,1.2568125,1.2568125,4.0,0,0.0,1.0,0.0,1.0,0.0,1.0,1,2
SUBJ-0091,,M,Low,DD,28.0,3.0,3.0,27.0,1.0,27.0,27.0,DD,0.063375,0.004922842,0.078143527,,Wild,A,S,94.0,0,0,4,0.0,0,0,0,Reproductive,1.688625,1.156625,0.645625,1.70275,1.14325,0.64425,1.163416667,1.163416667,6.0,1,0.0,1.0,1.0,1.0,0.0,1.0,1,22
SUBJ-0091,,M,Low,DD,23.0,3.0,3.0,26.0,0.0,26.0,26.0,D,0.0655,0.005809475,0.082928425,,Wild,A,S,90.0,0,0,3,0.0,0,0,0,Reproductive,1.4765,0.8845,0.4955,1.4731875,0.8841875,0.4961875,0.9511875,0.9511875,6.0,0,0.0,1.0,1.0,1.0,0.0,1.0,1,22
SUBJ-0091,,M,Low,DD,25.0,3.0,3.0,40.0,14.0,40.0,40.0,DD,0.06325,0.006057021,0.081421062,,Wild,A,S,80.0,0,0,1,1.001,26,45,0,Reproductive,1.88675,1.24775,0.75875,1.8868125,1.2383125,0.7613125,1.295479167,1.295479167,6.0,1,0.0,1.0,1.0,1.0,0.0,1.0,1,22
SUBJ-0092,,F,Low,AD,21.0,2.0,3.0,33.0,14.0,14.0,14.0,AD,0.060875,0.005710462,0.078006386,,Wild,A,P,90.0,0,0,10,0.0,16,0,1,Reproductive,2.251125,1.461125,0.969125,2.2085625,1.4940625,0.9365625,1.546395833,1.546395833,5.0,0,0.0,0.0,1.0,1.0,0.0,1.0,1,16
SUBJ-0092,,F,Low,AD,21.0,3.0,4.0,20.0,1.0,1.0,1.0,AD,0.06525,0.011188722,0.098816166,,Wild,A,NP,82.0,3,0,0,0.0,0,0,0,Non-Reproductive,-0.01225,-0.01325,-0.01325,-0.0125,-0.0125,-0.012,-0.012333333,0.0,7.0,0,0.0,0.0,0.0,1.0,0.0,1.0,1,16
SUBJ-0093,,M,Low,AD,25.0,2.0,2.0,34.0,7.0,7.0,7.0,AD,0.066571429,0.014646864,0.110512019,,Wild,A,S,100.0,0,0,4,0.0,0,0,0,Reproductive,0.015428571,0.004428571,-0.006571429,0.036785714,0.002285714,-0.004714286,0.011452381,0.0,4.0,0,0.0,1.0,1.0,1.0,0.0,1.0,1,42
SUBJ-0093,,M,Low,AD,23.0,3.0,3.0,41.0,14.0,14.0,14.0,AD,0.06325,0.006057021,0.081421062,,Wild,A,S,89.0,0,1,1,0.862,42,30,0,Reproductive,1.48675,0.87375,0.51275,1.5053125,0.9053125,0.5203125,0.976979167,0.976979167,6.0,0,0.0,1.0,1.0,1.0,0.0,1.0,1,42
SUBJ-0094,,M,High,AD,23.0,2.0,2.0,36.0,15.0,15.0,15.0,AD,0.059625,0.004090767,0.071897301,,Wild,A,S,100.0,6,0,0,0.8,99,12,0,Reproductive,0.165375,0.086375,0.036375,0.1685,0.086,0.0385,0.097666667,0.097666667,4.0,0,1.0,1.0,1.0,1.0,0.0,1.0,1,99
SUBJ-0095,,M,High,DA,26.0,2.0,2.0,28.0,7.0,28.0,28.0,DA,0.060875,0.005710462,0.078006386,,Wild,A,S,95.0,10,0,2,0.0,0,0,0,Reproductive,0.533125,0.290125,0.138125,0.5510625,0.2885625,0.1405625,0.326729167,0.326729167,4.0,0,1.0,1.0,1.0,1.0,0.0,1.0,1,181
SUBJ-0095,,M,High,DA,27.0,2.0,2.0,42.0,21.0,42.0,42.0,DA,0.059625,0.004090767,0.071897301,,Wild,A,S,87.0,2,0,0,0.746,181,0,0,Reproductive,0.275375,0.131375,0.062375,0.2745,0.1335,0.061,0.156333333,0.156333333,4.0,0,1.0,1.0,1.0,1.0,0.0,1.0,1,181
SUBJ-0095,,M,High,DA,25.5,2.0,3.0,21.0,0.0,21.0,21.0,D,0.055125,0.003407253,0.06534676,,Wild,A,S,96.0,0,1,0,0.0,0,0,0,Reproductive,0.857875,0.470875,0.246875,0.8478125,0.4723125,0.2428125,0.520979167,0.520979167,5.0,0,1.0,1.0,1.0,1.0,0.0,1.0,1,181
SUBJ-0095,,M,High,DA,27.5,3.0,4.0,22.0,1.0,22.0,22.0,DA,0.05775,0.005117372,0.073102117,,Wild,A,S,94.0,1,0,1,0.0,0,0,0,Reproductive,0.68325,0.38225,0.18825,0.6969375,0.3799375,0.1954375,0.424104167,0.424104167,7.0,0,1.0,1.0,1.0,1.0,0.0,1.0,1,181
SUBJ-0095,,M,High,DA,28.5,3.0,3.0,15.0,,15.0,15.0,D,0.0655,0.005809475,0.082928425,,Wild,A,S,95.0,3,0,5,0.0,0,0,0,Reproductive,0.9545,0.5345,0.2735,0.9551875,0.5326875,0.2646875,0.5841875,0.5841875,6.0,0,1.0,1.0,1.0,1.0,0.0,1.0,1,181
SUBJ-0096,,F,High,DA,25.5,2.0,3.0,35.0,14.0,35.0,35.0,DA,0.063375,0.004922842,0.078143527,,Wild,A,G,80.0,0,0,0,0.0,0,0,0,Reproductive,0.362625,0.191625,0.089625,0.37925,0.19275,0.09475,0.22225,0.22225,5.0,0,1.0,0.0,1.0,1.0,0.0,1.0,0,0
SUBJ-0097,,F,Low,D,12.5,2.0,2.0,13.0,,13.0,13.0,D,0.0595,0.005123475,0.074870426,,Wild,A,P,67.0,1,0,0,0.0,0,0,0,Reproductive,0.9875,0.5235,0.2795,0.9611875,0.5246875,0.2816875,0.5891875,0.5891875,4.0,0,0.0,0.0,1.0,1.0,0.0,1.0,0,0
SUBJ-0097,,F,Low,D,16.0,2.0,2.0,6.0,,6.0,6.0,D,0.065125,0.005254462,0.080888387,,Wild,SA,P,60.0,0,0,0,0.0,0,0,0,Reproductive,0.000875,-0.003125,0.004875,0.005625,-0.001875,0.004125,0.002625,0.0,4.0,0,0.0,0.0,1.0,0.0,0.0,1.0,0,0
SUBJ-0097,,F,Low,D,12.5,2.0,2.0,15.0,,15.0,15.0,D,0.0615,0.006751543,0.081754629,,Wild,SA,NP,68.0,1,0,1,0.0,0,0,0,Non-Reproductive,0.6285,0.3485,0.1685,0.653083334,0.357083334,0.172083334,0.394083334,0.394083334,4.0,0,0.0,0.0,0.0,0.0,0.0,1.0,0,0
SUBJ-0098,,M,Low,AD,15.5,2.0,2.0,14.0,,14.0,,A,0.058285714,0.008344618,0.083319569,,Wild,A,D,82.0,2,0,0,0.0,0,0,0,Non-Reproductive,-0.011285714,-0.009285714,-0.010285714,-0.012714286,-0.012214286,-0.012714286,-0.012547619,0.0,4.0,0,0.0,1.0,0.0,1.0,0.0,0.0,0,0
SUBJ-0099,,M,High,D,16.0,3.0,2.0,13.0,,13.0,13.0,D,0.058285714,0.008344618,0.083319569,,Wild,A,A,85.0,0,0,1,0.0,0,0,0,Non-Reproductive,1.176714286,0.689714286,0.419714286,1.226785715,0.719285715,0.424785715,0.790285715,0.790285715,5.0,0,1.0,1.0,0.0,1.0,0.0,1.0,0,0
SUBJ-0100,,F,High,D,14.5,2.0,3.0,15.0,,15.0,15.0,D,0.05475,0.005214163,0.07039249,,Wild,A,NP,85.0,0,0,1,0.0,0,0,0,Non-Reproductive,1.46225,0.82525,0.47125,1.4200625,0.8315625,0.4655625,0.905729167,0.905729167,5.0,0,1.0,0.0,0.0,1.0,0.0,1.0,0,0
SUBJ-0100,,F,High,D,15.5,3.0,3.0,7.0,,7.0,7.0,D,0.069285714,0.01072666,0.101465693,,Wild,A,NP,83.0,0,0,3,0.0,0,0,0,Non-Reproductive,0.657714286,0.360714286,0.169714286,0.668357143,0.342357143,0.163357143,0.391357143,0.391357143,6.0,0,1.0,0.0,0.0,1.0,0.0,1.0,0,0
SUBJ-0101,,F,Low,A,13.0,3.0,2.0,9.0,,9.0,,A,0.070625,0.014585417,0.11438125,,Wild,A,NP,77.0,0,0,1,0.0,0,0,0,Non-Reproductive,-0.015625,0.009375,-0.019625,-0.012383929,0.013616072,-0.012383929,-0.003717262,0.0,5.0,0,0.0,0.0,0.0,1.0,0.0,0.0,0,0
SUBJ-0101,,F,Low,A,12.5,3.0,3.0,15.0,,15.0,,A,0.069285714,0.01072666,0.101465693,,Wild,A,NP,79.0,2,0,0,0.0,0,0,0,Non-Reproductive,-0.019285714,-0.017285714,-0.017285714,-0.020642857,-0.021142857,-0.018642857,-0.020142857,0.0,6.0,0,0.0,0.0,0.0,1.0,0.0,0.0,0,0
SUBJ-0102,,M,Low,A,20.0,2.0,2.0,7.0,,7.0,,A,0.055125,0.003407253,0.06534676,,Wild,A,S,88.0,2,0,6,0.792,5,21,0,Reproductive,-0.006125,-0.007125,-0.007125,-0.0056875,-0.0046875,-0.0056875,-0.005354167,0.0,4.0,0,0.0,1.0,1.0,1.0,0.0,0.0,1,5
SUBJ-0103,,F,Low,,21.5,2.0,3.0,,,,,,0.06525,0.011188722,0.098816166,,Wild,A,P,91.0,1,0,2,0.0,0,0,0,Reproductive,-0.01525,-0.01425,-0.01625,-0.0175,-0.0185,-0.019,-0.018333333,0.0,5.0,0,0.0,0.0,1.0,1.0,0.0,1.0,0,0
SUBJ-0104,,F,Low,DA,14.5,2.0,2.0,30.0,9.0,30.0,30.0,DA,0.0595,0.005123475,0.074870426,,Wild,A,P,72.0,0,0,1,0.0,0,0,0,Reproductive,1.5735,0.9625,0.5545,1.5521875,0.9686875,0.5601875,1.027020833,1.027020833,4.0,0,0.0,0.0,1.0,1.0,0.0,1.0,1,8
SUBJ-0104,,F,Low,DA,16.0,2.0,2.0,35.0,14.0,35.0,35.0,DA,0.0595,0.005123475,0.074870426,,Wild,SA,NP,74.0,0,0,0,0.0,8,2,0,Non-Reproductive,1.8855,1.2895,0.7345,1.8591875,1.2481875,0.7401875,1.282520833,1.282520833,4.0,0,0.0,0.0,0.0,0.0,0.0,1.0,1,8
SUBJ-0105,,F,Low,DA,23.0,2.0,2.0,64.0,43.0,64.0,64.0,DA,0.058285714,0.008344618,0.083319569,,Wild,A,P,90.0,0,0,0,0.0,20,0,1,Reproductive,0.184714286,0.095714286,0.041714286,0.195785715,0.096285715,0.041785715,0.111285715,0.111285715,4.0,0,0.0,0.0,1.0,1.0,0.0,1.0,1,20
SUBJ-0105,,F,Low,DA,21.0,3.0,3.0,8.0,,8.0,8.0,D,0.0595,0.005123475,0.074870426,,Wild,A,P,80.0,0,2,0,0.0,0,0,0,Reproductive,0.3905,0.1775,0.1055,0.3956875,0.1806875,0.1106875,0.229020833,0.229020833,6.0,0,0.0,0.0,1.0,1.0,0.0,1.0,1,20
SUBJ-0105,,F,Low,DA,23.0,3.0,3.0,29.0,8.0,29.0,29.0,DA,0.055125,0.003407253,0.06534676,,Wild,A,G,80.0,1,0,0,0.0,0,0,0,Reproductive,0.386875,0.198875,0.099875,0.3963125,0.2018125,0.1028125,0.233645833,0.233645833,6.0,0,0.0,0.0,1.0,1.0,0.0,1.0,1,20
SUBJ-0105,,F,Low,DA,21.5,2.0,2.0,51.0,30.0,51.0,51.0,DA,0.0615,0.006751543,0.081754629,,Wild,A,L,92.0,0,0,0,0.0,0,0,0,Reproductive,0.0555,0.2255,0.0925,0.057583334,0.230583334,0.094583334,0.127583334,0.127583334,4.0,0,0.0,0.0,1.0,1.0,0.0,1.0,1,20
SUBJ-0106,,F,High,A,17.5,2.0,3.0,43.0,,43.0,,A,0.05775,0.005117372,0.073102117,,Wild,A,NP,85.0,1,0,0,0.0,0,0,0,Non-Reproductive,-0.00975,-0.00475,-0.00975,-0.0065625,-0.0035625,-0.0040625,-0.004729167,0.0,5.0,0,1.0,0.0,0.0,1.0,0.0,0.0,0,0
SUBJ-0107,,M,High,D,23.5,2.0,3.0,50.0,,50.0,50.0,D,0.0655,0.005809475,0.082928425,,Wild,A,S,90.0,1,0,3,0.0,0,0,0,Reproductive,0.0025,0.0045,-0.0055,0.0081875,0.0046875,-0.0068125,0.002020833,0.0,5.0,0,1.0,1.0,1.0,1.0,0.0,1.0,0,0
SUBJ-0108,,M,High,DD,17.0,3.0,3.0,27.0,0.0,27.0,27.0,D,0.060875,0.005710462,0.078006386,,Wild,A,S,71.0,0,0,0,0.0,0,0,0,Reproductive,1.691125,0.977125,0.611125,1.6470625,0.9860625,0.5925625,1.075229167,1.075229167,6.0,0,1.0,1.0,1.0,1.0,0.0,1.0,0,0
SUBJ-0108,,M,High,DD,18.5,3.0,3.0,13.0,,13.0,13.0,D,0.059625,0.004090767,0.071897301,,Wild,A,D,87.0,0,0,0,0.0,0,0,0,Non-Reproductive,1.171375,0.515375,0.320375,1.1625,0.5165,0.3245,0.667833333,0.667833333,6.0,0,1.0,1.0,0.0,1.0,0.0,1.0,0,0
SUBJ-0109,,M,High,D,18.5,2.0,3.0,6.0,,6.0,6.0,D,0.069285714,0.01072666,0.101465693,,Wild,A,D,90.0,0,0,0,0.0,0,0,0,Non-Reproductive,0.143714286,0.062714286,0.017714286,0.151357143,0.063357143,0.019357143,0.07802381,0.0,5.0,0,1.0,1.0,0.0,1.0,0.0,1.0,0,0
SUBJ-0110,,M,High,D,28.0,2.0,2.0,7.0,,7.0,7.0,D,0.065125,0.005254462,0.080888387,,Wild,A,S,100.0,3,0,2,0.0,0,0,0,Reproductive,0.000875,-0.003125,-0.009125,-0.000375,-0.005375,-0.010375,-0.005375,0.0,4.0,0,1.0,1.0,1.0,1.0,0.0,1.0,0,0
SUBJ-0110,,M,High,D,25.0,3.0,3.0,16.0,,16.0,16.0,D,0.05775,0.005117372,0.073102117,,Wild,A,S,98.0,2,0,3,0.0,0,0,0,Reproductive,0.78025,0.43925,0.22025,0.7919375,0.4469375,0.2274375,0.488770833,0.488770833,6.0,0,1.0,1.0,1.0,1.0,0.0,1.0,0,0
SUBJ-0111,,M,Low,DD,13.0,3.0,3.0,6.0,,6.0,6.0,D,0.066571429,0.014646864,0.110512019,,Wild,SA,A,70.0,1,0,2,0.0,0,0,0,Non-Reproductive,0.029428571,0.013428571,0.019428571,0.027785714,0.010785714,0.020285714,0.019619047,0.0,6.0,0,0.0,1.0,0.0,0.0,0.0,1.0,1,5
SUBJ-0111,,M,Low,DD,14.0,2.0,2.0,27.0,7.0,27.0,27.0,DD,0.066571429,0.014646864,0.110512019,,Wild,A,A,68.0,0,0,0,0.0,0,0,0,Non-Reproductive,2.672428571,2.307428571,1.531428571,2.523285714,2.199285714,1.529785714,2.084119047,2.084119047,4.0,1,0.0,1.0,0.0,1.0,0.0,1.0,1,5
SUBJ-0111,,M,Low,DD,13.5,3.0,3.0,13.0,,13.0,13.0,D,0.0595,0.005123475,0.074870426,,Wild,A,A,79.0,4,0,3,0.0,0,0,0,Non-Reproductive,1.8915,1.3855,0.8075,1.8931875,1.3811875,0.8176875,1.364020833,1.364020833,6.0,0,0.0,1.0,0.0,1.0,0.0,1.0,1,5
SUBJ-0111,,M,Low,DD,15.0,2.0,3.0,34.0,14.0,34.0,34.0,DD,0.0595,0.004213075,0.072139225,,Wild,A,,70.0,0,0,3,0.109,5,3,0,,2.7395,2.1185,1.5415,2.66775,2.11075,1.57625,2.11825,2.11825,5.0,1,0.0,1.0,0.0,1.0,0.0,1.0,1,5
SUBJ-0112,,F,High,A,21.0,2.0,2.0,9.0,,9.0,,A,0.070625,0.014585417,0.11438125,,Wild,A,P,89.0,2,0,1,0.0,0,0,0,Reproductive,-0.013625,-0.011625,-0.021625,-0.009383928,-0.010883929,-0.016383929,-0.012217262,0.0,4.0,0,1.0,0.0,1.0,1.0,0.0,0.0,0,0
SUBJ-0112,,F,High,A,25.5,2.0,2.0,0.0,,0.0,,A,0.05475,0.005214163,0.07039249,,Wild,A,L,90.0,5,0,1,0.0,0,0,0,Reproductive,-0.00175,0.00625,-0.00075,0.0020625,0.0065625,0.0010625,0.003229167,0.0,4.0,0,1.0,0.0,1.0,1.0,0.0,0.0,0,0
SUBJ-0113,,F,High,DD,23.0,3.0,3.0,29.0,9.0,29.0,29.0,DD,0.060875,0.005710462,0.078006386,,Wild,A,P,92.0,0,0,0,0.0,0,0,0,Reproductive,2.229125,1.532125,0.966125,2.1980625,1.5060625,0.9390625,1.547729167,1.547729167,6.0,1,1.0,0.0,1.0,1.0,0.0,1.0,1,24
SUBJ-0113,,F,High,DD,23.5,3.0,3.0,21.0,1.0,21.0,21.0,DD,0.05475,0.005214163,0.07039249,,Wild,A,P,85.0,3,0,3,0.0,0,0,0,Reproductive,0.18425,0.08925,0.03725,0.1845625,0.0900625,0.0400625,0.104895833,0.104895833,6.0,1,1.0,0.0,1.0,1.0,0.0,1.0,1,24
SUBJ-0113,,F,High,DD,22.0,2.0,2.0,48.0,28.0,48.0,48.0,DD,0.05775,0.005117372,0.073102117,,Wild,A,P,75.0,1,0,0,0.0,24,0,0,Reproductive,0.88825,0.46325,0.23525,0.8544375,0.4584375,0.2369375,0.516604167,0.516604167,4.0,1,1.0,0.0,1.0,1.0,0.0,1.0,1,24
SUBJ-0114,,F,Low,DD,16.0,3.0,3.0,27.0,7.0,27.0,27.0,DD,0.063375,0.004922842,0.078143527,,Wild,A,P,81.0,0,0,0,0.0,0,0,0,Reproductive,2.871625,2.441625,2.323625,2.89125,2.29375,2.31525,2.500083333,2.500083333,6.0,1,0.0,0.0,1.0,1.0,0.0,1.0,0,0
SUBJ-0114,,F,Low,DD,15.5,2.0,2.0,20.0,0.0,20.0,20.0,D,0.0615,0.006751543,0.081754629,,Wild,A,P,65.0,0,0,2,0.0,0,0,0,Reproductive,1.6155,1.0605,0.5815,1.631583334,1.036083334,0.577583334,1.08175,1.08175,4.0,0,0.0,0.0,1.0,1.0,0.0,1.0,0,0
SUBJ-0115,,M,Low,DA,18.0,3.0,3.0,26.0,7.0,26.0,26.0,DA,0.059625,0.004090767,0.071897301,,Wild,A,D,81.0,0,0,2,0.0,0,0,0,Non-Reproductive,2.214375,1.477375,0.851375,2.1425,1.4475,0.8565,1.482166667,1.482166667,6.0,0,0.0,1.0,0.0,1.0,0.0,1.0,1,8
SUBJ-0115,,M,Low,DA,20.0,3.0,3.0,34.0,15.0,34.0,34.0,DA,0.063375,0.004922842,0.078143527,,Wild,A,D,87.0,1,0,3,0.45,8,0,1,Non-Reproductive,1.051625,0.609625,0.339625,1.06425,0.58825,0.32875,0.660416667,0.660416667,6.0,0,0.0,1.0,0.0,1.0,0.0,1.0,1,8
SUBJ-0116,,M,High,AD,24.5,2.0,2.0,19.0,,19.0,,A,0.069125,0.006352903,0.088183709,,Wild,A,S,90.0,0,0,0,0.0,0,0,0,Reproductive,-0.009125,-0.015125,-0.015125,-0.0105625,-0.0170625,-0.0155625,-0.014395833,0.0,4.0,0,1.0,1.0,1.0,1.0,0.0,0.0,0,0
SUBJ-0117,,F,Low,DD,20.0,3.0,3.0,40.0,21.0,40.0,40.0,DD,0.060875,0.005710462,0.078006386,,Wild,A,P,74.0,1,0,0,0.0,0,0,0,Reproductive,2.389125,1.993125,1.582125,2.3670625,1.9860625,1.5440625,1.965729167,1.965729167,6.0,1,0.0,0.0,1.0,1.0,0.0,1.0,1,9
SUBJ-0117,,F,Low,DD,21.5,2.0,2.0,19.0,0.0,19.0,19.0,D,0.066571429,0.014646864,0.110512019,,Wild,A,P/G/L,81.0,4,1,0,0.0,0,0,0,Reproductive,2.275428571,1.679428571,1.141428571,2.257785714,1.694785714,1.118285714,1.690285714,1.690285714,4.0,0,0.0,0.0,1.0,1.0,0.0,1.0,1,9
SUBJ-0117,,F,Low,DD,21.5,2.0,2.0,5.0,,5.0,5.0,D,0.058285714,0.008344618,0.083319569,,Wild,A,P,85.0,3,0,0,0.0,0,0,0,Reproductive,-0.003285714,-0.005285714,-0.007285714,-0.005714286,-0.007714286,-0.007214286,-0.006880952,0.0,4.0,0,0.0,0.0,1.0,1.0,0.0,1.0,1,9
SUBJ-0117,,F,Low,DD,19.5,2.0,3.0,27.0,8.0,27.0,27.0,DD,0.05475,0.005214163,0.07039249,,Wild,A,P,92.0,0,0,0,0.0,0,0,0,Reproductive,2.96225,2.58425,2.06125,2.8620625,2.5435625,2.0480625,2.4845625,2.4845625,5.0,1,0.0,0.0,1.0,1.0,0.0,1.0,1,9
SUBJ-0117,,F,Low,DD,22.5,2.0,3.0,33.0,14.0,33.0,33.0,DD,0.0595,0.004213075,0.072139225,,Wild,A,P,86.0,0,1,2,0.0,0,0,0,Reproductive,2.8425,2.3055,1.9535,2.79975,2.22075,1.88725,2.302583333,2.302583333,5.0,1,0.0,0.0,1.0,1.0,0.0,1.0,1,9
SUBJ-0117,,F,Low,DD,18.0,2.0,2.0,,,,,DDD,0.069285714,0.01072666,0.101465693,,Wild,A,P,81.0,1,0,0,0.0,9,27,0,Reproductive,1.969714286,1.455714286,0.831714286,1.979857143,1.447857143,0.867357143,1.431690476,1.431690476,4.0,0,0.0,0.0,1.0,1.0,0.0,1.0,1,9
SUBJ-0118,,M,High,DA,22.0,2.0,2.0,30.0,9.0,30.0,30.0,DA,0.055125,0.003407253,0.06534676,,Wild,A,S,94.0,0,0,1,0.0,0,0,0,Reproductive,0.599875,0.321875,0.162875,0.5948125,0.3213125,0.1628125,0.359645833,0.359645833,4.0,0,1.0,1.0,1.0,1.0,0.0,1.0,1,17
SUBJ-0118,,M,High,DA,23.5,2.0,3.0,36.0,15.0,36.0,36.0,DA,0.065125,0.005254462,0.080888387,,Wild,A,S,85.0,1,0,5,0.776,17,8,77,Reproductive,0.498875,0.240875,0.119875,0.517125,0.241125,0.125625,0.294625,0.294625,5.0,0,1.0,1.0,1.0,1.0,0.0,1.0,1,17
SUBJ-0119,,M,Low,DA,28.5,2.0,2.0,23.0,,23.0,23.0,D,0.0655,0.005809475,0.082928425,,Wild,A,S,105.0,1,1,0,0.0,0,0,0,Reproductive,0.6655,0.3515,0.1685,0.6666875,0.3511875,0.1711875,0.396354167,0.396354167,4.0,0,0.0,1.0,1.0,1.0,0.0,1.0,0,0
SUBJ-0000,,,,,,,,,,,,,0.070375,0.003925648,0.082151945,,Lab,,,,0,0,0,0.0,0,0,0,Non-Reproductive,1.579625,1.022625,0.620625,1.5539375,1.0069375,0.6149375,1.058604167,1.058604167,,0,,,,,,,0,0
SUBJ-0000,,,,,,,,,,,,,0.070375,0.003925648,0.082151945,,Lab,,,,0,0,0,0.0,0,0,0,Non-Reproductive,1.529625,1.024625,0.636625,1.5324375,1.0209375,0.6309375,1.0614375,1.0614375,,0,,,,,,,0,0
SUBJ-0000,,,,,,,,,,,,,0.070375,0.003925648,0.082151945,,Lab,,,,0,0,0,0.0,0,0,0,Non-Reproductive,0.681625,0.388625,0.204625,0.6829375,0.3794375,0.2049375,0.4224375,0.4224375,,0,,,,,,,0,0
SUBJ-0000,,,,,,,,,,,,,0.069,0.007309485,0.090928455,,Lab,,,,0,0,0,0.0,0,0,0,Non-Reproductive,1.568,1.07,0.677,1.582125,1.070125,0.675625,1.109291667,1.109291667,,0,,,,,,,0,0
SUBJ-0000,,,,,,,,,,,,,0.069,0.007309485,0.090928455,,Lab,,,,0,0,0,0.0,0,0,0,Non-Reproductive,1.644,1.092,0.649,1.628625,1.102625,0.655125,1.128791667,1.128791667,,0,,,,,,,0,0
SUBJ-0000,,,,,,,,,,,,,0.085875,0.035686882,0.192935647,,Lab,,,,0,0,0,0.0,0,0,0,Non-Reproductive,1.528125,0.964125,0.551125,1.5074375,0.9459375,0.5529375,1.002104167,1.002104167,,0,,,,,,,0,0
SUBJ-0000,,,,,,,,,,,,,0.085875,0.035686882,0.192935647,,Lab,,,,0,0,0,0.0,0,0,0,Non-Reproductive,1.622125,0.876125,0.668125,1.5804375,0.8749375,0.6654375,1.040270833,1.040270833,,0,,,,,,,0,0
SUBJ-0000,,,,,,,,,,,,,0.0685,0.01011364,0.09884092,,Lab,,,,0,0,0,0.0,0,0,0,Non-Reproductive,1.6075,1.0625,0.5995,1.5813125,1.0408125,0.6078125,1.076645833,1.076645833,,0,,,,,,,0,0
SUBJ-0000,,,,,,,,,,,,,0.0685,0.01011364,0.09884092,,Lab,,,,0,0,0,0.0,0,0,0,Non-Reproductive,1.8695,1.2685,0.7465,1.8158125,1.2463125,0.7513125,1.271145833,1.271145833,,0,,,,,,,0,0
SUBJ-0000,,,,,,,,,,,,,0.0635,0.006824326,0.083972979,,Lab,,,,0,0,0,0.0,0,0,0,Non-Reproductive,1.5295,1.0225,0.5535,1.528875,1.005875,0.570875,1.035208333,1.035208333,,0,,,,,,,0,0
SUBJ-0000,,,,,,,,,,,,,0.0635,0.006824326,0.083972979,,Lab,,,,0,0,0,0.0,0,0,0,Non-Reproductive,1.6435,1.0965,0.7405,1.564375,1.028375,0.688875,1.093875,1.093875,,0,,,,,,,0,0
SUBJ-0000,,,,,,,,,,,,,0.063875,0.007548652,0.086520955,,Lab,,,,0,0,0,0.0,0,0,0,Non-Reproductive,1.969125,1.435125,0.950125,1.99075,1.43825,0.94325,1.457416667,1.457416667,,0,,,,,,,0,0
SUBJ-0000,,,,,,,,,,,,,0.063875,0.007548652,0.086520955,,Lab,,,,0,0,0,0.0,0,0,0,Non-Reproductive,1.524125,0.994125,0.593125,1.51375,0.99025,0.58625,1.030083333,1.030083333,,0,,,,,,,0,0
SUBJ-0000,,,,,,,,,,,,,0.070125,0.006174545,0.088648634,,Lab,,,,0,0,0,0.0,0,0,0,Non-Reproductive,1.435875,0.905875,0.539875,1.437625,0.908125,0.527125,0.957625,0.957625,,0,,,,,,,0,0
SUBJ-0000,,,,,,,,,,,,,0.070125,0.006174545,0.088648634,,Lab,,,,0,0,0,0.0,0,0,0,Non-Reproductive,1.390875,0.852875,0.503875,1.351125,0.843625,0.491125,0.895291667,0.895291667,,0,,,,,,,0,0
SUBJ-0000,,,,,,,,,,,,,0.070125,0.006174545,0.088648634,,Lab,,,,0,0,0,0.0,0,0,0,Non-Reproductive,-0.010125,-0.010125,-0.004125,-0.013375,-0.012375,-0.010875,-0.012208333,0.0,,0,,,,,,,0,0
SUBJ-0000,,,,,,,,,,,,,0.06375,0.005650537,0.080701612,,Lab,,,,0,0,0,0.0,0,0,0,Non-Reproductive,1.52925,0.97925,0.60125,1.51675,0.98275,0.61625,1.038583333,1.038583333,,0,,,,,,,0,0
SUBJ-0000,,,,,,,,,,,,,0.06375,0.005650537,0.080701612,,Lab,,,,0,0,0,0.0,0,0,0,Non-Reproductive,1.29325,0.83725,0.50425,1.27925,0.83625,0.48475,0.86675,0.86675,,0,,,,,,,0,0
SUBJ-0000,,,,,,,,,,,,,0.076625,0.012129509,0.113013528,,Lab,,,,0,0,0,0.0,0,0,0,Non-Reproductive,1.456375,1.072375,0.658375,1.477875,1.078375,0.658875,1.071708333,1.071708333,,0,,,,,,,0,0
SUBJ-0000,,,,,,,,,,,,,0.076625,0.012129509,0.113013528,,Lab,,,,0,0,0,0.0,0,0,0,Non-Reproductive,1.335375,0.796375,0.472375,1.307875,0.790375,0.460375,0.852875,0.852875,,0,,,,,,,0,0
SUBJ-0000,,,,,,,,,,,,,0.07225,0.006341473,0.09127442,,Lab,,,,0,0,0,0.0,0,0,0,Non-Reproductive,1.37775,0.94875,0.54975,1.40525,0.94975,0.55975,0.971583333,0.971583333,,0,,,,,,,0,0
SUBJ-0000,,,,,,,,,,,,,0.07225,0.006341473,0.09127442,,Lab,,,,0,0,0,0.0,0,0,0,Non-Reproductive,1.25075,0.74975,0.40875,1.25825,0.74925,0.41125,0.80625,0.80625,,0,,,,,,,0,0
SUBJ-0000,,,,,,,,,,,,,0.07225,0.010525479,0.103826438,,Lab,,,,0,0,0,0.0,0,0,0,Non-Reproductive,1.27175,0.79375,0.46275,1.2775,0.7935,0.475,0.848666667,0.848666667,,0,,,,,,,0,0
SUBJ-0000,,,,,,,,,,,,,0.07225,0.010525479,0.103826438,,Lab,,,,0,0,0,0.0,0,0,0,Non-Reproductive,1.40575,0.90975,0.49075,1.3935,0.8905,0.503,0.929,0.929,,0,,,,,,,0,0
SUBJ-0000,,,,,,,,,,,,,0.067875,0.016383245,0.117024735,,Lab,,,,0,0,0,0.0,0,0,0,Non-Reproductive,1.427125,0.885125,0.485125,1.445,0.888,0.4985,0.943833333,0.943833333,,0,,,,,,,0,0
SUBJ-0000,,,,,,,,,,,,,0.067875,0.016383245,0.117024735,,Lab,,,,0,0,0,0.0,0,0,0,Non-Reproductive,1.395125,0.899125,0.508125,1.4075,0.8995,0.505,0.937333333,0.937333333,,0,,,,,,,0,0
SUBJ-0000,,,,,,,,,,,,,0.0785,0.005154748,0.093964244,,Lab,,,,0,0,0,0.0,0,0,0,Non-Reproductive,1.2025,0.7635,0.4245,1.2109375,0.7624375,0.4309375,0.8014375,0.8014375,,0,,,,,,,0,0
SUBJ-0000,,,,,,,,,,,,,0.0785,0.005154748,0.093964244,,Lab,,,,0,0,0,0.0,0,0,0,Non-Reproductive,1.2235,0.7925,0.4495,1.2469375,0.8014375,0.4509375,0.833104167,0.833104167,,0,,,,,,,0,0
SUBJ-0000,,,,,,,,,,,,,0.071,0.005554921,0.087664762,,Lab,,,,0,0,0,0.0,0,0,0,Non-Reproductive,1.431,0.837,0.485,1.441125,0.844125,0.489125,0.924791667,0.924791667,,0,,,,,,,0,0
SUBJ-0000,,,,,,,,,,,,,0.071,0.005554921,0.087664762,,Lab,,,,0,0,0,0.0,0,0,0,Non-Reproductive,1.372,0.805,0.483,1.384125,0.822125,0.483625,0.896625,0.896625,,0,,,,,,,0,0
SUBJ-0000,,,,,,,,,,,,,0.1055,0.037496667,0.21799,,Lab,,,,0,0,0,0.0,0,0,0,Non-Reproductive,1.5075,0.9055,0.5465,1.49475,0.90875,0.55775,0.987083333,0.987083333,,0,,,,,,,0,0
SUBJ-0000,,,,,,,,,,,,,0.1055,0.037496667,0.21799,,Lab,,,,0,0,0,0.0,0,0,0,Non-Reproductive,1.4425,0.9255,0.5555,1.44225,0.94025,0.55375,0.97875,0.97875,,0,,,,,,,0,0
SUBJ-0000,,,,,,,,,,,,,0.0745,0.005042675,0.089628025,,Lab,,,,0,0,0,0.0,0,0,0,Non-Reproductive,1.3675,0.8815,0.5135,1.401125,0.903625,0.524125,0.942958333,0.942958333,,0,,,,,,,0,0
SUBJ-0000,,,,,,,,,,,,,0.0745,0.005042675,0.089628025,,Lab,,,,0,0,0,0.0,0,0,0,Non-Reproductive,1.3985,0.8645,0.5225,1.440625,0.874125,0.530625,0.948458333,0.948458333,,0,,,,,,,0,0
SUBJ-0000,,,,,,,,,,,,,0.071125,0.00653425,0.090727751,,Lab,,,,0,0,0,0.0,0,0,0,Non-Reproductive,1.555875,1.076875,0.649875,1.5563125,1.0868125,0.6583125,1.100479167,1.100479167,,0,,,,,,,0,0
SUBJ-0000,,,,,,,,,,,,,0.071125,0.00653425,0.090727751,,Lab,,,,0,0,0,0.0,0,0,0,Non-Reproductive,1.510875,0.994875,0.591875,1.5218125,0.9978125,0.5898125,1.036479167,1.036479167,,0,,,,,,,0,0
SUBJ-0000,,,,,,,,,,,,,0.075375,0.00526274,0.091163219,,Lab,,,,0,0,0,0.0,0,0,0,Non-Reproductive,1.907625,1.327625,0.776625,1.868,1.3175,0.7895,1.325,1.325,,0,,,,,,,0,0
SUBJ-0000,,,,,,,,,,,,,0.075375,0.00526274,0.091163219,,Lab,,,,0,0,0,0.0,0,0,0,Non-Reproductive,1.634625,1.027625,0.587625,1.6265,1.0105,0.5845,1.073833333,1.073833333,,0,,,,,,,0,0
SUBJ-0000,,,,,,,,,,,,,0.120375,0.011500776,0.154877329,,Lab,,,,0,0,0,0.0,0,0,0,Non-Reproductive,1.618625,1.015625,0.554625,1.5985625,0.9815625,0.5715625,1.0505625,1.0505625,,0,,,,,,,0,0
SUBJ-0000,,,,,,,,,,,,,0.120375,0.011500776,0.154877329,,Lab,,,,0,0,0,0.0,0,0,0,Non-Reproductive,1.575625,0.959625,0.567625,1.5815625,0.9775625,0.5755625,1.044895833,1.044895833,,0,,,,,,,0,0
SUBJ-0000,,,,,,,,,,,,,0.12075,0.053742109,0.281976327,,Lab,,,,0,0,0,0.0,0,0,0,Non-Reproductive,1.45125,0.91325,0.54825,1.4588125,0.9088125,0.5373125,0.9683125,0.9683125,,0,,,,,,,0,0
SUBJ-0000,,,,,,,,,,,,,0.12075,0.053742109,0.281976327,,Lab,,,,0,0,0,0.0,0,0,0,Non-Reproductive,1.54525,0.96525,0.53925,1.4968125,0.9588125,0.5413125,0.998979167,0.998979167,,0,,,,,,,0,0
SUBJ-0000,,,,,,,,,,,,,0.12075,0.053742109,0.281976327,,Lab,,,,0,0,0,0.0,0,0,0,Non-Reproductive,-0.05575,-0.02975,-0.04575,-0.0396875,-0.0321875,-0.0341875,-0.035354167,0.0,,0,,,,,,,0,0
SUBJ-0000,,,,,,,,,,,,,0.0935,0.007230886,0.115192658,,Lab,,,,0,0,0,0.0,0,0,0,Non-Reproductive,1.4285,0.9045,0.5105,1.45275,0.90175,0.53325,0.962583333,0.962583333,,0,,,,,,,0,0
SUBJ-0000,,,,,,,,,,,,,0.0935,0.007230886,0.115192658,,Lab,,,,0,0,0,0.0,0,0,0,Non-Reproductive,1.3355,0.8395,0.4915,1.34375,0.84325,0.49825,0.895083333,0.895083333,,0,,,,,,,0,0
SUBJ-0000,,,,,,,,,,,,,0.659375,0.040305751,0.780292253,,Lab,,,,0,0,0,0.0,0,0,0,Non-Reproductive,1.375625,0.849625,0.398625,1.3736875,0.8261875,0.4006875,0.866854167,0.866854167,,0,,,,,,,0,0
SUBJ-0000,,,,,,,,,,,,,0.659375,0.040305751,0.780292253,,Lab,,,,0,0,0,0.0,0,0,0,Non-Reproductive,1.555625,1.028625,0.658625,1.5531875,0.9886875,0.6261875,1.056020833,1.056020833,,0,,,,,,,0,0
SUBJ-0000,,,,,,,,,,,,,0.659375,0.040305751,0.780292253,,Lab,,,,0,0,0,0.0,0,0,0,Non-Reproductive,0.000625,-0.015375,0.015625,0.0081875,0.0116875,0.0256875,0.0151875,0.0,,0,,,,,,,0,0
SUBJ-0000,,,,,,,,,,,,,0.4355,0.13659429,0.845282869,,Lab,,,,0,0,0,0.0,0,0,0,Non-Reproductive,1.7205,1.1395,0.6205,1.6716875,1.0636875,0.6376875,1.124354167,1.124354167,,0,,,,,,,0,0
SUBJ-0000,,,,,,,,,,,,,0.4355,0.13659429,0.845282869,,Lab,,,,0,0,0,0.0,0,0,0,Non-Reproductive,1.4985,1.0085,0.6085,1.4951875,1.0086875,0.6236875,1.042520833,1.042520833,,0,,,,,,,0,0
SUBJ-0000,,,,,,,,,,,,,0.5945,0.209919713,1.224259138,,Lab,,,,0,0,0,0.0,0,0,0,Non-Reproductive,1.3195,0.8235,0.2745,1.37375,0.80625,0.27625,0.81875,0.0,,0,,,,,,,0,0
SUBJ-0000,,,,,,,,,,,,,0.5945,0.209919713,1.224259138,,Lab,,,,0,0,0,0.0,0,0,0,Non-Reproductive,1.5145,0.9665,0.5005,1.51975,0.95875,0.49175,0.990083333,0.0,,0,,,,,,,0,0
SUBJ-0000,,,,,,,,,,,,,0.10875,0.014801062,0.153153185,,Lab,,,,0,0,0,0.0,0,0,0,Non-Reproductive,1.51625,0.95325,0.48825,1.49275,0.97275,0.50975,0.99175,0.99175,,0,,,,,,,0,0
SUBJ-0000,,,,,,,,,,,,,0.10875,0.014801062,0.153153185,,Lab,,,,0,0,0,0.0,0,0,0,Non-Reproductive,1.48025,0.90625,0.48525,1.46775,0.92725,0.49925,0.96475,0.96475,,0,,,,,,,0,0
SUBJ-0000,,,,,,,,,,,,,0.125125,0.026835145,0.205630435,,Lab,,,,0,0,0,0.0,0,0,0,Non-Reproductive,1.490875,0.942875,0.502875,1.4955625,0.9555625,0.5225625,0.991229167,0.991229167,,0,,,,,,,0,0
SUBJ-0000,,,,,,,,,,,,,0.125125,0.026835145,0.205630435,,Lab,,,,0,0,0,0.0,0,0,0,Non-Reproductive,1.556875,0.976875,0.569875,1.5805625,0.9870625,0.5720625,1.0465625,1.0465625,,0,,,,,,,0,0
SUBJ-0000,,,,,,,,,,,,,0.10875,0.015809129,0.156177388,,Lab,,,,0,0,0,0.0,0,0,0,Non-Reproductive,1.11025,0.69825,0.35925,1.121875,0.698875,0.368875,0.729875,0.729875,,0,,,,,,,0,0
SUBJ-0000,,,,,,,,,,,,,0.10875,0.015809129,0.156177388,,Lab,,,,0,0,0,0.0,0,0,0,Non-Reproductive,0.96425,0.75725,0.41625,0.976375,0.769375,0.421375,0.722375,0.722375,,0,,,,,,,0,0
SUBJ-0000,,,,,,,,,,,,,0.11625,0.01454795,0.159893851,,Lab,,,,0,0,0,0.0,0,0,0,Non-Reproductive,1.15875,0.72075,0.37975,1.189,0.7325,0.4035,0.775,0.775,,0,,,,,,,0,0
SUBJ-0000,,,,,,,,,,,,,0.11625,0.01454795,0.159893851,,Lab,,,,0,0,0,0.0,0,0,0,Non-Reproductive,1.13775,0.69675,0.37475,1.1655,0.7105,0.3965,0.7575,0.7575,,0,,,,,,,0,0
SUBJ-0000,,,,,,,,,,,,,0.110375,0.028218219,0.195029656,,Lab,,,,0,0,0,0.0,0,0,0,Non-Reproductive,1.765625,1.166625,0.644625,1.792875,1.164375,0.687375,1.214875,1.214875,,0,,,,,,,0,0
SUBJ-0000,,,,,,,,,,,,,0.110375,0.028218219,0.195029656,,Lab,,,,0,0,0,0.0,0,0,0,Non-Reproductive,1.488625,1.017625,0.590625,1.506375,1.031875,0.616375,1.051541667,1.051541667,,0,,,,,,,0,0
SUBJ-0000,,,,,,,,,,,,,0.090375,0.018376518,0.145504555,,Lab,,,,0,0,0,0.0,0,0,0,Non-Reproductive,1.185625,0.873625,0.499625,1.1995,0.8845,0.503,0.862333333,0.862333333,,0,,,,,,,0,0
SUBJ-0000,,,,,,,,,,,,,0.090375,0.018376518,0.145504555,,Lab,,,,0,0,0,0.0,0,0,0,Non-Reproductive,1.390625,0.895625,0.509625,1.382,0.895,0.5165,0.931166667,0.931166667,,0,,,,,,,0,0
SUBJ-0000,,,,,,,,,,,,,0.090375,0.018376518,0.145504555,,Lab,,,,0,0,0,0.0,0,0,0,Non-Reproductive,-0.017375,-0.002375,-0.016375,-0.0005,0.0075,0.0005,0.0025,0.0,,0,,,,,,,0,0
SUBJ-0000,,,,,,,,,,,,,0.09675,0.026537036,0.176361108,,Lab,,,,0,0,0,0.0,0,0,0,Non-Reproductive,1.16025,0.72525,0.35825,1.211,0.7295,0.383,0.7745,0.7745,,0,,,,,,,0,0
SUBJ-0000,,,,,,,,,,,,,0.09675,0.026537036,0.176361108,,Lab,,,,0,0,0,0.0,0,0,0,Non-Reproductive,1.29025,0.76825,0.47425,1.2895,0.7725,0.492,0.851333333,0.851333333,,0,,,,,,,0,0
SUBJ-0000,,,,,,,,,,,,,0.11925,0.017685749,0.172307247,,Lab,,,,0,0,0,0.0,0,0,0,Non-Reproductive,1.28375,0.83275,0.47175,1.296875,0.853875,0.478875,0.876541667,0.876541667,,0,,,,,,,0,0
SUBJ-0000,,,,,,,,,,,,,0.11925,0.017685749,0.172307247,,Lab,,,,0,0,0,0.0,0,0,0,Non-Reproductive,1.28675,0.78375,0.42675,1.250875,0.783875,0.426375,0.820375,0.820375,,0,,,,,,,0,0
SUBJ-0000,,,,,,,,,,,,,0.10625,0.034656477,0.210219432,,Lab,,,,0,0,0,0.0,0,0,0,Non-Reproductive,1.34475,0.84575,0.46275,1.36725,0.85275,0.46925,0.896416667,0.896416667,,0,,,,,,,0,0
SUBJ-0000,,,,,,,,,,,,,0.10625,0.034656477,0.210219432,,Lab,,,,0,0,0,0.0,0,0,0,Non-Reproductive,1.54275,0.95975,0.58075,1.53475,0.96325,0.57325,1.02375,1.02375,,0,,,,,,,0,0
SUBJ-0000,,,,,,,,,,,,,0.101375,0.013637527,0.142287581,,Lab,,,,0,0,0,0.0,0,0,0,Non-Reproductive,1.852625,1.307625,0.825625,1.868625,1.304125,0.847125,1.339958333,1.339958333,,0,,,,,,,0,0
SUBJ-0000,,,,,,,,,,,,,0.101375,0.013637527,0.142287581,,Lab,,,,0,0,0,0.0,0,0,0,Non-Reproductive,1.991625,1.402625,0.930625,1.968625,1.437625,0.952125,1.452791667,1.452791667,,0,,,,,,,0,0
SUBJ-0000,,,,,,,,,,,,,0.101375,0.013637527,0.142287581,,Lab,,,,0,0,0,0.0,0,0,0,Non-Reproductive,2.429625,1.977625,1.534625,2.447625,1.991125,1.558125,1.998958333,1.998958333,,0,,,,,,,0,0
SUBJ-0000,,,,,,,,,,,,,0.118125,0.0155236,0.164695799,,Lab,,,,0,0,0,0.0,0,0,0,Non-Reproductive,1.482875,0.901875,0.497875,1.4933125,0.9103125,0.5093125,0.970979167,0.970979167,,0,,,,,,,0,0
SUBJ-0000,,,,,,,,,,,,,0.118125,0.0155236,0.164695799,,Lab,,,,0,0,0,0.0,0,0,0,Non-Reproductive,1.483875,0.934875,0.535875,1.4903125,0.9448125,0.5443125,0.993145833,0.993145833,,0,,,,,,,0,0
SUBJ-0000,,,,,,,,,,,,,0.118125,0.0155236,0.164695799,,Lab,,,,0,0,0,0.0,0,0,0,Non-Reproductive,-0.032125,-0.021125,-0.034125,-0.0066875,-0.0116875,-0.0111875,-0.009854167,0.0,,0,,,,,,,0,0
SUBJ-0000,,,,,,,,,,,,,0.111875,0.026297406,0.190767219,,Lab,,,,0,0,0,0.0,0,0,0,Non-Reproductive,1.312125,0.854125,0.395125,1.349875,0.839875,0.400875,0.863541667,0.863541667,,0,,,,,,,0,0
SUBJ-0000,,,,,,,,,,,,,0.111875,0.026297406,0.190767219,,Lab,,,,0,0,0,0.0,0,0,0,Non-Reproductive,1.383125,0.793125,0.431125,1.370375,0.813875,0.425875,0.870041667,0.870041667,,0,,,,,,,0,0
SUBJ-0000,,,,,,,,,,,,,0.111875,0.026297406,0.190767219,,Lab,,,,0,0,0,0.0,0,0,0,Non-Reproductive,-0.030875,-0.025875,-0.017875,-0.009125,-0.019125,-0.001125,-0.009791667,0.0,,0,,,,,,,0,0
SUBJ-0000,,,,,,,,,,,,,0.107375,0.037450682,0.219727046,,Lab,,,,0,0,0,0.0,0,0,0,Non-Reproductive,1.476625,0.868625,0.516625,1.4801875,0.8806875,0.5271875,0.9626875,0.9626875,,0,,,,,,,0,0
SUBJ-0000,,,,,,,,,,,,,0.107375,0.037450682,0.219727046,,Lab,,,,0,0,0,0.0,0,0,0,Non-Reproductive,1.559625,0.987625,0.607625,1.5721875,0.9971875,0.6076875,1.059020833,1.059020833,,0,,,,,,,0,0
SUBJ-0000,,,,,,,,,,,,,0.107375,0.037450682,0.219727046,,Lab,,,,0,0,0,0.0,0,0,0,Non-Reproductive,-0.019375,-0.026375,-0.018375,-0.0078125,-0.0168125,-0.0043125,-0.009645833,0.0,,0,,,,,,,0,0
SUBJ-0000,,,,Pos.Ctrl,,,,,,,,Pos.Ctrl,0.070625,0.014585417,0.11438125,,Wild,,,,0,0,0,0.0,0,0,0,Non-Reproductive,2.169375,1.929375,1.274375,2.177116072,1.894616072,1.274616072,1.782116072,1.782116072,,0,,,,,,,0,0
SUBJ-0000,,,,Pos.Ctrl,,,,,,,,Pos.Ctrl,0.070625,0.014585417,0.11438125,,Wild,,,,0,0,0,0.0,0,0,0,Non-Reproductive,2.475375,0.526375,2.138375,2.472616072,0.521616072,2.139116072,1.711116072,1.711116072,,0,,,,,,,0,0
SUBJ-0000,,,,Pos.Ctrl,,,,,,,,Pos.Ctrl,0.060875,0.005710462,0.078006386,,Wild,,,,0,0,0,0.0,0,0,0,Non-Reproductive,2.598125,2.087125,1.417125,2.5760625,2.0075625,1.3765625,1.986729167,1.986729167,,0,,,,,,,0,0
SUBJ-0000,,,,Pos.Ctrl,,,,,,,,Pos.Ctrl,0.060875,0.005710462,0.078006386,,Wild,,,,0,0,0,0.0,0,0,0,Non-Reproductive,2.955125,2.540125,2.079125,2.8740625,2.4575625,1.9745625,2.435395833,2.435395833,,0,,,,,,,0,0
SUBJ-0000,,,,Pos.Ctrl,,,,,,,,Pos.Ctrl,0.059625,0.004090767,0.071897301,,Wild,,,,0,0,0,0.0,0,0,0,Non-Reproductive,2.381375,1.672375,1.103375,2.3525,1.676,1.071,1.699833333,1.699833333,,0,,,,,,,0,0
SUBJ-0000,,,,Pos.Ctrl,,,,,,,,Pos.Ctrl,0.059625,0.004090767,0.071897301,,Wild,,,,0,0,0,0.0,0,0,0,Non-Reproductive,2.319375,1.667375,1.071375,2.313,1.6615,1.027,1.667166667,1.667166667,,0,,,,,,,0,0
SUBJ-0000,,,,Pos.Ctrl,,,,,,,,Pos.Ctrl,0.066571429,0.014646864,0.110512019,,Wild,,,,0,0,0,0.0,0,0,0,Non-Reproductive,2.300428571,1.869428571,1.246428571,2.277285714,1.847285714,1.221285714,1.781952381,1.781952381,,0,,,,,,,0,0
SUBJ-0000,,,,Pos.Ctrl,,,,,,,,Pos.Ctrl,0.066571429,0.014646864,0.110512019,,Wild,,,,0,0,0,0.0,0,0,0,Non-Reproductive,2.237428571,1.635428571,1.109428571,2.275285714,1.649285714,1.066285714,1.663619047,1.663619047,,0,,,,,,,0,0
SUBJ-0000,,,,Pos.Ctrl,,,,,,,,Pos.Ctrl,0.058285714,0.008344618,0.083319569,,Wild,,,,0,0,0,0.0,0,0,0,Non-Reproductive,2.434714286,1.891714286,1.393714286,2.480285715,1.880285715,1.348285715,1.902952381,1.902952381,,0,,,,,,,0,0
SUBJ-0000,,,,Pos.Ctrl,,,,,,,,Pos.Ctrl,0.058285714,0.008344618,0.083319569,,Wild,,,,0,0,0,0.0,0,0,0,Non-Reproductive,2.312714286,1.763714286,1.260714286,2.406285715,1.838285715,1.289285715,1.844619048,1.844619048,,0,,,,,,,0,0
SUBJ-0000,,,,Pos.Ctrl,,,,,,,,Pos.Ctrl,0.0595,0.005123475,0.074870426,,Wild,,,,0,0,0,0.0,0,0,0,Non-Reproductive,2.6855,2.0165,1.3745,2.6376875,1.9741875,1.3741875,1.995354167,1.995354167,,0,,,,,,,0,0
SUBJ-0000,,,,Pos.Ctrl,,,,,,,,Pos.Ctrl,0.0595,0.005123475,0.074870426,,Wild,,,,0,0,0,0.0,0,0,0,Non-Reproductive,2.5925,1.9575,1.3195,2.5491875,1.9081875,1.3121875,1.9231875,1.9231875,,0,,,,,,,0,0
SUBJ-0000,,,,Pos.Ctrl,,,,,,,,Pos.Ctrl,0.055125,0.003407253,0.06534676,,Wild,,,,0,0,0,0.0,0,0,0,Non-Reproductive,2.058875,1.594875,1.109875,2.0438125,1.5893125,1.0928125,1.5753125,1.5753125,,0,,,,,,,0,0
SUBJ-0000,,,,Pos.Ctrl,,,,,,,,Pos.Ctrl,0.055125,0.003407253,0.06534676,,Wild,,,,0,0,0,0.0,0,0,0,Non-Reproductive,1.977875,1.467875,0.957875,1.9593125,1.4558125,0.9428125,1.452645833,1.452645833,,0,,,,,,,0,0
SUBJ-0000,,,,Pos.Ctrl,,,,,,,,Pos.Ctrl,0.060375,0.005475799,0.076802397,,Wild,,,,0,0,0,0.0,0,0,0,Non-Reproductive,2.419625,2.724625,2.437625,2.3876875,2.6386875,2.4961875,2.507520833,2.507520833,,0,,,,,,,0,0
SUBJ-0000,,,,Pos.Ctrl,,,,,,,,Pos.Ctrl,0.060375,0.005475799,0.076802397,,Wild,,,,0,0,0,0.0,0,0,0,Non-Reproductive,2.085625,1.770625,1.354625,2.0391875,1.6791875,1.3266875,1.6816875,1.6816875,,0,,,,,,,0,0
SUBJ-0000,,,,Pos.Ctrl,,,,,,,,Pos.Ctrl,0.06525,0.011188722,0.098816166,,Wild,,,,0,0,0,0.0,0,0,0,Non-Reproductive,2.26475,1.46875,0.99775,2.278,1.4575,1.007,1.580833333,1.580833333,,0,,,,,,,0,0
SUBJ-0000,,,,Pos.Ctrl,,,,,,,,Pos.Ctrl,0.06525,0.011188722,0.098816166,,Wild,,,,0,0,0,0.0,0,0,0,Non-Reproductive,2.23275,1.42375,0.78275,2.1395,1.369,0.799,1.435833333,1.435833333,,0,,,,,,,0,0
SUBJ-0000,,,,Pos.Ctrl,,,,,,,,Pos.Ctrl,0.065125,0.005254462,0.080888387,,Wild,,,,0,0,0,0.0,0,0,0,Non-Reproductive,2.062875,1.440875,0.824875,2.010625,1.400625,0.816625,1.409291667,1.409291667,,0,,,,,,,0,0
SUBJ-0000,,,,Pos.Ctrl,,,,,,,,Pos.Ctrl,0.065125,0.005254462,0.080888387,,Wild,,,,0,0,0,0.0,0,0,0,Non-Reproductive,2.191875,1.503875,0.834875,2.067625,1.458625,0.836125,1.454125,1.454125,,0,,,,,,,0,0
SUBJ-0000,,,,Pos.Ctrl,,,,,,,,Pos.Ctrl,0.05475,0.005214163,0.07039249,,Wild,,,,0,0,0,0.0,0,0,0,Non-Reproductive,2.17625,1.43625,0.85725,2.1175625,1.4390625,0.8725625,1.476395833,1.476395833,,0,,,,,,,0,0
SUBJ-0000,,,,Pos.Ctrl,,,,,,,,Pos.Ctrl,0.05475,0.005214163,0.07039249,,Wild,,,,0,0,0,0.0,0,0,0,Non-Reproductive,2.35125,1.42125,0.86025,2.1645625,1.4015625,0.8520625,1.472729167,1.472729167,,0,,,,,,,0,0
SUBJ-0000,,,,Pos.Ctrl,,,,,,,,Pos.Ctrl,0.05775,0.005117372,0.073102117,,Wild,,,,0,0,0,0.0,0,0,0,Non-Reproductive,2.03725,1.41525,0.88425,2.0374375,1.3784375,0.8589375,1.4249375,1.4249375,,0,,,,,,,0,0
SUBJ-0000,,,,Pos.Ctrl,,,,,,,,Pos.Ctrl,0.05775,0.005117372,0.073102117,,Wild,,,,0,0,0,0.0,0,0,0,Non-Reproductive,2.11125,1.43425,0.89825,2.0649375,1.4329375,0.8924375,1.4634375,1.4634375,,0,,,,,,,0,0
SUBJ-0000,,,,Pos.Ctrl,,,,,,,,Pos.Ctrl,0.0595,0.004213075,0.072139225,,Wild,,,,0,0,0,0.0,0,0,0,Non-Reproductive,2.1365,1.5775,1.0285,2.09675,1.56225,1.03325,1.564083333,1.564083333,,0,,,,,,,0,0
SUBJ-0000,,,,Pos.Ctrl,,,,,,,,Pos.Ctrl,0.0595,0.004213075,0.072139225,,Wild,,,,0,0,0,0.0,0,0,0,Non-Reproductive,2.0175,1.3955,0.8615,1.97225,1.39275,0.85575,1.406916667,1.406916667,,0,,,,,,,0,0
SUBJ-0000,,,,,,,,,,,,,0.0595,0.004213075,0.072139225,,Wild,,,,0,0,0,0.0,0,0,0,Non-Reproductive,0.0085,0.0015,0.0015,0.01275,0.00725,0.00325,0.00775,0.0,,0,,,,,,,0,0
SUBJ-0000,,,,Pos.Ctrl,,,,,,,,Pos.Ctrl,0.063375,0.004922842,0.078143527,,Wild,,,,0,0,0,0.0,0,0,0,Non-Reproductive,2.240625,1.636625,0.952625,2.22775,1.56175,0.94925,1.579583333,1.579583333,,0,,,,,,,0,0
SUBJ-0000,,,,Pos.Ctrl,,,,,,,,Pos.Ctrl,0.063375,0.004922842,0.078143527,,Wild,,,,0,0,0,0.0,0,0,0,Non-Reproductive,2.031625,1.513625,0.897625,2.01875,1.46925,0.87975,1.455916667,1.455916667,,0,,,,,,,0,0
SUBJ-0000,,,,Pos.Ctrl,,,,,,,,Pos.Ctrl,0.069285714,0.01072666,0.101465693,,Wild,,,,0,0,0,0.0,0,0,0,Non-Reproductive,2.166714286,1.554714286,0.927714286,2.099357143,1.510857143,0.904357143,1.504857143,1.504857143,,0,,,,,,,0,0
SUBJ-0000,,,,Pos.Ctrl,,,,,,,,Pos.Ctrl,0.069285714,0.01072666,0.101465693,,Wild,,,,0,0,0,0.0,0,0,0,Non-Reproductive,2.119714286,1.528714286,0.903714286,2.073857143,1.471857143,0.882857143,1.476190476,1.476190476,,0,,,,,,,0,0
SUBJ-0000,,,,Pos.Ctrl,,,,,,,,Pos.Ctrl,0.0655,0.005809475,0.082928425,,Wild,,,,0,0,0,0.0,0,0,0,Non-Reproductive,2.2415,1.5565,1.0015,2.2481875,1.5496875,0.9861875,1.5946875,1.5946875,,0,,,,,,,0,0
SUBJ-0000,,,,Pos.Ctrl,,,,,,,,Pos.Ctrl,0.0655,0.005809475,0.082928425,,Wild,,,,0,0,0,0.0,0,0,0,Non-Reproductive,2.0235,1.4205,0.8445,2.0391875,1.4026875,0.8371875,1.426354167,1.426354167,,0,,,,,,,0,0
SUBJ-0000,,,,Pos.Ctrl,,,,,,,,Pos.Ctrl,0.069125,0.006352903,0.088183709,,Wild,,,,0,0,0,0.0,0,0,0,Non-Reproductive,2.237875,1.678875,1.082875,2.2389375,1.7049375,1.1059375,1.683270833,1.683270833,,0,,,,,,,0,0
SUBJ-0000,,,,Pos.Ctrl,,,,,,,,Pos.Ctrl,0.069125,0.006352903,0.088183709,,Wild,,,,0,0,0,0.0,0,0,0,Non-Reproductive,1.994875,1.334875,0.813875,2.0014375,1.3334375,0.7969375,1.377270833,1.377270833,,0,,,,,,,0,0
SUBJ-0000,,,,Pos.Ctrl,,,,,,,,Pos.Ctrl,0.0615,0.006751543,0.081754629,,Wild,,,,0,0,0,0.0,0,0,0,Non-Reproductive,2.2495,1.4925,0.9545,2.269083334,1.492083334,0.962583334,1.574583334,1.574583334,,0,,,,,,,0,0
SUBJ-0000,,,,Pos.Ctrl,,,,,,,,Pos.Ctrl,0.0615,0.006751543,0.081754629,,Wild,,,,0,0,0,0.0,0,0,0,Non-Reproductive,2.2165,1.5915,0.9765,2.227083334,1.581583334,0.975583334,1.59475,1.59475,,0,,,,,,,0,0
SUBJ-0000,,,,Pos.Ctrl,,,,,,,,Pos.Ctrl,0.06325,0.006057021,0.081421062,,Wild,,,,0,0,0,0.0,0,0,0,Non-Reproductive,2.21775,1.64275,1.06675,2.2393125,1.6358125,1.0453125,1.640145833,1.640145833,,0,,,,,,,0,0
SUBJ-0000,,,,Pos.Ctrl,,,,,,,,Pos.Ctrl,0.06325,0.006057021,0.081421062,,Wild,,,,0,0,0,0.0,0,0,0,Non-Reproductive,2.09375,1.37075,0.82275,2.0598125,1.3658125,0.7998125,1.408479167,1.408479167,,0,,,,,,,0,0
SUBJ-0000,,,,Blank,,,,,,,,Blank,0.06325,0.006057021,0.081421062,,Wild,,,,0,0,0,0.0,0,0,0,Non-Reproductive,-0.00825,-0.00225,-0.00925,-0.0051875,-0.0021875,-0.0056875,-0.004354167,0.0,,0,,,,,,,0,0
